"extracted_date","price_co","open_co","high_co","low_co","vol_co","change_percent_co","price_ng","open_ng","high_ng","low_ng","vol_ng","change_percent_ng","price_ho","open_ho","high_ho","low_ho","vol_ho","change_percent_ho"
2020-05-04 00:00:00.000,"20.390","19.110","21.420","18.050","311.49K","3.08%","1.993","1.961","2.006","1.935","187.91K","5.45%","0.803","0.794","1","0.777","53.04K","0.88%"
2020-04-16 00:00:00.000,"19.870","20.150","20.530","19.420","350.94K","0.00%","1.686","1.591","1.719","1.555","235.59K","5.51%","0.946","0.927","1","0.903","50.81K","3.56%"
2020-04-15 00:00:00.000,"19.870","20.720","20.890","19.200","544.80K",-1.19%,"1.598","1.639","1.666","1.586","152.70K",-3.15%,"0.914","0.946","1","0.898","46.59K",-3.22%
2020-05-11 00:00:00.000,"24.140","24.490","25.580","23.670","179.59K",-2.43%,"1.826","1.838","1.89","1.803","224.97K","0.16%","0.869","0.902","1","0.866","59.01K",-3.40%
2020-04-03 00:00:00.000,"28.340","24.810","29.130","23.520","1.01M","11.93%","1.621","1.551","1.659","1.53","155.16K","4.45%","1.071","0.997","1","0.988","54.39K","7.59%"
2020-05-13 00:00:00.000,"25.290","25.300","26.450","24.790","150.86K",-1.90%,"1.616","1.695","1.741","1.595","254.68K",-6.05%,"0.831","0.822","1","0.807","50.81K",-0.83%
2020-05-14 00:00:00.000,"27.560","25.560","27.960","25.180","160.51K","8.98%","1.681","1.643","1.715","1.61","206.53K","4.02%","0.895","0.838","1","0.824","43.54K","7.63%"
2020-10-30 00:00:00.000,"35.790","36.070","36.600","35.210","388.97K",-1.05%,"3.354","3.313","3.396","3.256","146.43K","1.61%","1.081","1.093","1","1.069","2.94K",-0.65%
2020-10-29 00:00:00.000,"36.170","37.390","37.760","34.920","568.82K",-3.26%,"3.301","3.283","3.346","3.151","168.76K","10.18%","1.088","1.112","1","1.054","13.60K",-2.32%
2020-09-10 00:00:00.000,"37.300","37.800","38.180","36.930","367.56K",-1.97%,"2.323","2.382","2.407","2.305","139.97K",-3.45%,"1.082","1.101","1","1.073","57.08K",-2.14%
2020-10-02 00:00:00.000,"37.050","38.600","38.650","36.630","391.43K",-4.31%,"2.438","2.485","2.551","2.373","163.73K",-3.52%,"1.085","1.118","1","1.069","63.92K",-3.56%
2020-06-19 00:00:00.000,"39.750","38.850","40.490","38.400","64.11K","2.34%","1.669","1.637","1.684","1.63","123.84K","1.89%","1.211","1.201","1","1.180","23.35K","1.07%"
2020-06-11 00:00:00.000,"36.340","39.090","39.090","35.410","513.91K",-8.23%,"1.813","1.787","1.833","1.766","213.62K","1.85%","1.088","1.165","1","1.067","56.96K",-7.25%
2020-09-24 00:00:00.000,"40.310","39.600","40.370","39.120","269.99K","0.95%","2.248","2.195","2.32","2.169","60.48K","5.79%","1.117","1.102","1","1.095","19.62K","0.83%"
2020-11-10 00:00:00.000,"41.360","39.910","41.840","39.410","457.05K","2.66%","2.949","2.86","3.012","2.855","158.19K","3.15%","1.253","1.213","1","1.198","85.33K","2.94%"
2020-10-12 00:00:00.000,"39.430","40.400","40.450","39.040","322.04K",-2.88%,"2.881","2.891","2.955","2.825","179.70K","5.11%","1.157","1.190","1","1.148","54.97K",-3.03%
2020-10-23 00:00:00.000,"39.850","40.610","40.920","39.570","268.93K",-1.94%,"2.971","2.985","3.006","2.918","73.25K",-1.20%,"1.151","1.159","1","1.143","22.67K",-0.81%
2020-10-20 00:00:00.000,"41.460","40.650","41.700","40.250","24.52K","1.54%","2.913","2.831","2.95","2.824","119.81K","4.22%","1.174","1.154","1","1.145","38.95K","1.33%"
2020-07-07 00:00:00.000,"40.620","40.680","40.950","39.900","256.60K",-0.02%,"1.876","1.829","1.924","1.829","203.76K","2.51%","1.243","1.245","1","1.222","46.38K","0.13%"
2020-07-16 00:00:00.000,"40.750","40.970","41.180","40.520","200.10K",-1.09%,"1.723","1.783","1.808","1.703","136.97K",-3.09%,"1.228","1.245","1","1.223","34.81K",-1.36%
2020-07-24 00:00:00.000,"41.290","41.060","41.670","40.660","353.16K","0.54%","1.808","1.784","1.818","1.746","71.80K","1.29%","1.256","1.258","1","1.242","17.80K","0.18%"
2020-10-09 00:00:00.000,"40.600","41.310","41.470","40.380","331.70K",-1.43%,"2.741","2.632","2.821","2.618","207.34K","4.34%","1.193","1.190","1","1.182","77.73K","0.08%"
2020-08-07 00:00:00.000,"41.220","41.970","42.220","41.060","399.00K",-1.74%,"2.238","2.153","2.256","2.14","206.25K","3.37%","1.220","1.252","1","1.217","53.54K",-2.40%
2020-08-13 00:00:00.000,"42.240","42.570","42.840","42.090","329.51K",-1.01%,"2.182","2.151","2.205","2.139","173.31K","1.39%","1.238","1.256","1","1.236","42.18K",-1.52%
2020-08-21 00:00:00.000,"42.340","42.750","42.960","41.460","345.37K",-0.56%,"2.448","2.355","2.468","2.28","134.96K","4.08%","1.208","1.247","1","1.192","31.31K",-3.10%
2020-09-01 00:00:00.000,"42.760","42.830","43.430","42.720","285.15K","0.35%","2.527","2.628","2.675","2.504","228.38K",-3.92%,"1.231","1.225","1","1.221","60.11K","2.90%"
2018-12-19 00:00:00.000,"47.200","45.930","48.000","45.930","37.16K","2.08%","3.726","3.839","3.893","3.563","136.94K",-2.92%,"1.805","1.757","2","1.756","48.70K","2.94%"
2020-12-11 00:00:00.000,"46.570","46.970","47.290","46.340","367.31K",-0.45%,"2.591","2.568","2.63","2.526","177.71K","1.49%","1.437","1.438","1","1.424","53.79K","0.08%"
2018-12-11 00:00:00.000,"51.650","50.890","52.430","50.700","665.26K","1.27%","4.407","4.507","4.587","4.348","175.75K",-3.04%,"1.847","1.846","2","1.835","48.90K","0.16%"
2021-01-19 00:00:00.000,"52.980","52.000","53.130","51.760","125.96K","1.18%","2.546","2.652","2.673","2.523","211.31K",-3.45%,"1.599","1.584","2","1.578","35.54K","0.55%"
2018-12-03 00:00:00.000,"52.950","52.450","53.850","52.030","758.01K","3.97%","4.339","4.527","4.536","4.243","190.57K",-5.92%,"1.888","1.843","2","1.843","60.14K","2.28%"
2019-02-12 00:00:00.000,"53.100","52.470","54.050","52.290","708.31K","1.32%","2.688","2.647","2.698","2.618","169.23K","1.74%","1.907","1.896","2","1.892","70.51K","0.79%"
2019-06-17 00:00:00.000,"51.930","52.500","52.740","51.580","397.87K",-1.10%,"2.386","2.389","2.418","2.357","120.28K",-0.04%,"1.800","1.828","2","1.795","41.79K",-1.63%
2021-01-27 00:00:00.000,"52.850","52.760","53.300","51.850","442.38K","0.46%","2.76","2.65","2.773","2.65","5.52K","3.92%","1.609","1.601","2","1.583","17.13K","0.66%"
2018-12-14 00:00:00.000,"51.200","52.830","52.950","50.840","526.84K",-2.62%,"3.827","4.073","4.094","3.787","163.13K",-7.20%,"1.845","1.884","2","1.838","50.29K",-1.66%
2019-06-04 00:00:00.000,"53.480","52.890","53.780","52.430","831.63K","0.43%","2.416","2.413","2.441","2.381","132.77K","0.54%","1.822","1.807","2","1.782","61.08K","0.83%"
2018-12-06 00:00:00.000,"51.490","52.930","53.300","50.080","987.27K",-2.65%,"4.327","4.45","4.489","4.271","132.56K",-3.18%,"1.858","1.889","2","1.813","69.09K",-1.61%
2019-06-03 00:00:00.000,"53.250","53.420","54.630","52.110","984.31K",-0.47%,"2.403","2.444","2.475","2.382","204.39K",-2.08%,"1.807","1.839","2","1.797","87.41K",-1.92%
2019-01-22 00:00:00.000,"52.570","53.730","54.240","51.800","46.03K",-3.08%,"3.04","3.327","3.361","3.026","183.14K",-8.43%,"1.901","1.912","2","1.867","40.79K",-1.21%
2019-02-06 00:00:00.000,"54.010","53.730","54.300","52.860","606.72K","0.65%","2.662","2.685","2.72","2.651","98.33K","0.00%","1.912","1.896","2","1.875","56.60K","0.77%"
2019-10-11 00:00:00.000,"54.700","53.880","54.930","53.640","741.70K","2.15%","2.214","2.203","2.262","2.187","264.18K",-0.18%,"1.958","1.934","2","1.926","72.79K","1.92%"
2019-09-04 00:00:00.000,"56.260","53.920","56.580","53.840","682.30K","4.30%","2.445","2.346","2.457","2.339","218.51K","3.69%","1.880","1.803","2","1.801","73.33K","4.26%"
2019-02-07 00:00:00.000,"52.640","53.940","54.210","51.800","749.01K",-2.54%,"2.551","2.682","2.691","2.549","211.79K",-4.17%,"1.901","1.911","2","1.869","68.96K",-0.61%
2020-01-29 00:00:00.000,"53.330","53.970","54.370","52.810","624.98K",-0.28%,"1.877","1.927","1.938","1.858","10.05K",-2.95%,"1.704","1.720","2","1.692","13.50K",-0.72%
2019-06-19 00:00:00.000,"53.760","54.090","54.420","53.280","122.84K",-0.26%,"2.276","2.332","2.358","2.268","173.67K",-2.23%,"1.829","1.832","2","1.818","27.57K","0.09%"
2019-10-18 00:00:00.000,"53.780","54.090","54.620","53.350","174.48K",-0.28%,"2.32","2.319","2.36","2.289","150.02K","0.09%","1.947","1.953","2","1.933","53.68K",-0.05%
2019-08-06 00:00:00.000,"53.630","54.950","55.420","53.290","682.79K",-1.94%,"2.111","2.091","2.133","2.073","142.25K","1.98%","1.824","1.841","2","1.816","59.24K",-0.63%
2020-04-28 00:00:00.000,"12.340","12.960","13.690","10.070","897.09K",-3.44%,"1.794","1.831","1.923","1.702","3.60K",-1.37%,"0.631","0.613","1","0.580","12.80K","3.34%"
2020-04-02 00:00:00.000,"25.320","21.220","27.390","20.760","1.10M","24.67%","1.552","1.591","1.624","1.521","165.32K",-2.21%,"0.995","0.948","1","0.938","60.60K","6.74%"
2020-05-07 00:00:00.000,"23.550","24.090","26.740","22.940","310.26K",-1.83%,"1.894","1.956","1.989","1.886","228.87K",-2.57%,"0.837","0.830","1","0.810","57.22K","1.59%"
2020-05-12 00:00:00.000,"25.780","24.490","26.230","24.220","212.34K","6.79%","1.72","1.847","1.849","1.685","228.49K",-5.81%,"0.838","0.876","1","0.820","51.14K",-3.49%
2020-05-29 00:00:00.000,"35.490","33.680","35.770","32.360","443.65K","5.28%","1.849","1.819","1.865","1.763","221.37K","1.20%","0.965","0.931","1","0.903","4.53K","4.22%"
2020-06-04 00:00:00.000,"37.410","36.760","37.620","36.380","307.61K","0.32%","1.822","1.809","1.854","1.795","114.33K","0.05%","1.074","1.063","1","1.047","43.05K","0.89%"
2020-11-03 00:00:00.000,"37.660","37.030","38.320","36.570","410.61K","2.31%","3.059","3.236","3.241","3.041","184.78K",-5.70%,"1.127","1.116","1","1.100","70.10K","1.33%"
2020-06-29 00:00:00.000,"39.700","37.960","39.890","37.500","343.91K","3.14%","1.709","1.567","1.753","1.558","273.25K","14.31%","1.165","1.127","1","1.115","11.98K","2.56%"
2020-10-08 00:00:00.000,"41.190","39.990","41.330","39.760","409.79K","3.10%","2.627","2.59","2.651","2.508","198.49K","0.81%","1.192","1.164","1","1.158","56.84K","2.71%"
2020-09-28 00:00:00.000,"40.600","40.070","40.800","39.780","226.43K","0.87%","2.101","2.105","2.176","2.02","3.36K",-1.78%,"1.140","1.127","1","1.116","15.63K","1.18%"
2020-07-13 00:00:00.000,"40.100","40.350","40.720","39.470","370.72K",-1.11%,"1.739","1.785","1.815","1.725","158.85K",-3.66%,"1.224","1.240","1","1.214","45.92K",-1.43%
2020-08-03 00:00:00.000,"41.010","40.390","41.240","39.580","338.33K","1.84%","2.101","1.859","2.154","1.852","381.97K","16.79%","1.241","1.228","1","1.211","46.52K","1.96%"
2020-06-23 00:00:00.000,"40.370","40.680","41.630","39.760","368.73K",-0.22%,"1.637","1.66","1.663","1.614","85.19K",-1.62%,"1.203","1.219","1","1.198","18.58K",-1.28%
2020-11-17 00:00:00.000,"41.430","41.440","41.690","40.570","243.68K","0.22%","2.692","2.684","2.732","2.649","110.71K",-0.19%,"1.239","1.229","1","1.209","48.78K","0.83%"
2020-07-22 00:00:00.000,"41.900","41.540","42.030","41.140","333.65K",-0.14%,"1.681","1.669","1.698","1.622","118.42K","0.36%","1.271","1.273","1","1.255","18.89K",-0.73%
2020-07-28 00:00:00.000,"41.040","41.650","41.930","40.850","276.80K",-1.35%,"1.8","1.731","1.803","1.719","32.53K","3.81%","1.242","1.256","1","1.236","10.81K",-0.96%
2020-11-11 00:00:00.000,"41.450","41.790","43.060","41.320","443.77K","0.22%","3.031","2.948","3.057","2.911","139.90K","2.78%","1.246","1.260","1","1.241","75.15K",-0.53%
2020-08-06 00:00:00.000,"41.950","42.190","42.650","41.610","359.61K",-0.57%,"2.165","2.206","2.284","2.136","161.99K",-1.19%,"1.250","1.265","1","1.247","46.75K",-1.05%
2018-12-26 00:00:00.000,"46.220","42.850","47.000","42.520","698.41K","7.09%","3.543","3.456","3.586","3.315","42.12K","1.52%","1.734","1.671","2","1.649","29.31K","3.77%"
2020-11-30 00:00:00.000,"45.340","45.340","45.800","44.420","370.76K",-0.42%,"2.882","2.831","2.996","2.823","146.18K","1.37%","1.356","1.372","1","1.350","5.30K",-1.78%
2018-12-21 00:00:00.000,"45.590","46.250","46.770","45.130","694.00K",-0.63%,"3.816","3.681","3.829","3.595","99.26K","6.50%","1.733","1.765","2","1.712","44.23K",-0.97%
2019-01-07 00:00:00.000,"48.520","48.300","49.790","48.110","819.94K","1.17%","2.944","2.962","2.994","2.91","109.25K",-3.29%,"1.778","1.781","2","1.776","57.18K","0.52%"
2018-11-29 00:00:00.000,"51.450","50.310","52.200","49.410","812.72K","2.31%","4.646","4.671","4.674","4.452","191.44K",-1.46%,"1.844","1.844","2","1.818","16.07K","0.28%"
2020-02-03 00:00:00.000,"50.110","51.010","51.970","49.800","876.04K",-2.81%,"1.819","1.852","1.88","1.814","163.79K",-1.20%,"1.578","1.619","2","1.571","71.52K",-2.87%
2018-11-27 00:00:00.000,"51.560","51.540","52.380","50.300","764.01K",-0.14%,"4.262","4.224","4.325","4.104","62.83K","0.33%","1.886","1.891","2","1.860","30.10K",-0.37%
2018-12-12 00:00:00.000,"51.150","51.950","52.880","50.940","730.81K",-0.97%,"4.136","4.363","4.407","4.081","198.28K",-6.15%,"1.851","1.854","2","1.847","68.33K","0.21%"
2021-02-01 00:00:00.000,"53.550","51.990","53.740","51.640","416.07K","2.59%","2.85","2.73","2.868","2.712","243.66K","11.15%","1.647","1.595","2","1.585","82.25K","2.91%"
2018-12-10 00:00:00.000,"51.000","52.030","52.810","50.530","733.23K",-3.06%,"4.545","4.59","4.666","4.39","190.05K","1.27%","1.844","1.879","2","1.837","54.10K",-2.23%
2019-10-10 00:00:00.000,"53.550","52.690","53.970","51.380","613.94K","1.83%","2.218","2.239","2.274","2.202","216.64K",-0.72%,"1.921","1.916","2","1.889","71.36K","0.08%"
2019-01-25 00:00:00.000,"53.690","53.170","53.940","52.910","593.39K","1.05%","3.178","3.16","3.207","3.047","52.02K","2.55%","1.892","1.887","2","1.875","17.98K","0.33%"
2019-06-11 00:00:00.000,"53.270","53.430","54.040","52.910","642.94K","0.02%","2.399","2.361","2.406","2.336","163.81K","1.78%","1.822","1.810","2","1.805","55.71K","0.87%"
2019-10-15 00:00:00.000,"52.810","53.510","53.790","52.390","511.25K",-1.46%,"2.339","2.285","2.349","2.266","177.88K","2.59%","1.910","1.912","2","1.889","60.20K",-0.27%
2019-06-20 00:00:00.000,"56.650","54.120","57.020","54.110","27.88K","5.38%","2.185","2.28","2.303","2.159","210.07K",-4.00%,"1.884","1.835","2","1.835","28.93K","3.00%"
2019-11-01 00:00:00.000,"56.200","54.150","56.330","54.070","538.12K","3.73%","2.714","2.637","2.718","2.575","239.45K","3.08%","1.933","1.875","2","1.873","75.46K","2.93%"
2019-02-15 00:00:00.000,"55.590","54.480","55.870","54.240","276.91K","2.17%","2.625","2.572","2.637","2.543","98.41K","2.02%","2.020","1.975","2","1.972","56.94K","2.47%"
2019-10-14 00:00:00.000,"53.590","54.900","54.900","52.770","467.64K",-2.03%,"2.28","2.238","2.313","2.228","171.69K","2.98%","1.915","1.963","2","1.904","66.20K",-2.17%
2019-10-31 00:00:00.000,"54.180","54.900","55.590","53.710","677.42K",-1.60%,"2.633","2.686","2.738","2.606","222.32K",-2.16%,"1.878","1.915","2","1.869","5.15K",-1.86%
2019-08-15 00:00:00.000,"54.470","54.900","55.330","53.770","527.87K",-1.38%,"2.232","2.159","2.267","2.138","206.77K","4.15%","1.811","1.837","2","1.803","53.04K",-1.79%
2019-02-04 00:00:00.000,"54.560","55.320","55.750","53.290","622.47K",-1.27%,"2.66","2.705","2.733","2.655","116.49K",-2.71%,"1.907","1.918","2","1.882","59.99K",-0.28%
2019-12-02 00:00:00.000,"55.960","55.470","56.670","55.420","616.42K","1.43%","2.329","2.315","2.369","2.289","219.04K","2.10%","1.886","1.882","2","1.882","70.12K","0.38%"
2019-07-19 00:00:00.000,"55.630","55.720","56.360","54.990","105.22K","0.60%","2.251","2.29","2.3","2.242","109.06K",-1.57%,"1.890","1.886","2","1.873","37.27K","1.46%"
2019-08-22 00:00:00.000,"55.350","55.940","56.460","54.850","621.57K",-0.59%,"2.159","2.169","2.195","2.145","113.11K",-0.51%,"1.841","1.857","2","1.833","29.59K",-0.86%
2019-09-05 00:00:00.000,"56.300","55.950","57.760","55.750","712.47K","0.07%","2.435","2.442","2.468","2.388","229.80K",-0.41%,"1.889","1.880","2","1.875","63.71K","0.44%"
2019-12-03 00:00:00.000,"56.100","55.960","56.800","55.350","560.55K","0.25%","2.441","2.345","2.51","2.34","307.31K","4.81%","1.880","1.887","2","1.869","59.05K",-0.32%
2021-02-04 00:00:00.000,"56.230","55.960","56.580","55.300","381.40K","0.97%","2.935","2.776","2.977","2.734","186.93K","5.23%","1.701","1.695","2","1.673","50.56K","0.59%"
2018-11-15 00:00:00.000,"56.460","56.020","57.260","55.590","256.50K","0.37%","4.038","4.672","4.8","3.882","362.51K",-16.52%,"2.074","2.095","2","2.069","61.43K",-1.04%
2019-11-07 00:00:00.000,"57.150","56.350","57.880","56.270","678.17K","1.42%","2.772","2.823","2.882","2.753","301.60K",-1.98%,"1.920","1.931","2","1.912","69.10K",-0.39%
2019-11-20 00:00:00.000,"57.110","55.160","57.250","54.760","31.92K","3.44%","2.559","2.514","2.581","2.505","146.06K","1.95%","1.892","1.856","2","1.847","35.84K","1.87%"
2019-08-28 00:00:00.000,"55.780","55.710","56.750","55.340","674.05K","1.55%","2.251","2.201","2.277","2.195","8.66K","2.23%","1.851","1.832","2","1.825","16.89K","1.93%"
2019-10-29 00:00:00.000,"55.540","55.800","55.910","54.610","521.46K",-0.48%,"2.597","2.459","2.64","2.449","8.45K","6.17%","1.956","1.962","2","1.928","18.95K",-0.28%
2019-03-04 00:00:00.000,"56.590","55.830","57.000","55.810","549.40K","1.42%","2.857","2.845","2.888","2.821","103.66K",-0.07%,"2.014","2.000","2","1.998","56.05K","0.66%"
2019-08-29 00:00:00.000,"56.710","55.880","56.890","55.430","630.76K","1.67%","2.296","2.235","2.31","2.218","200.41K","2.00%","1.864","1.854","2","1.845","16.02K","0.70%"
2019-02-20 00:00:00.000,"56.920","55.940","57.550","55.480","37.68K","1.48%","2.636","2.66","2.689","2.631","110.14K",-0.98%,"2.018","1.998","2","1.979","27.76K","1.19%"
2019-09-06 00:00:00.000,"56.520","56.190","56.950","54.830","714.29K","0.39%","2.496","2.435","2.505","2.403","201.59K","2.51%","1.900","1.887","2","1.844","50.03K","0.62%"
2019-03-08 00:00:00.000,"56.070","56.430","56.510","54.520","747.36K",-1.04%,"2.865","2.865","2.895","2.856","85.88K",-0.03%,"2.000","2.006","2","1.945","84.70K",-0.64%
2018-11-19 00:00:00.000,"56.760","56.720","57.330","55.080","33.58K","0.53%","4.7","4.625","4.779","4.427","264.57K","10.02%","2.086","2.079","2","2.053","48.10K","0.61%"
2019-11-12 00:00:00.000,"56.800","56.890","57.550","56.540","586.57K",-0.11%,"2.621","2.637","2.685","2.607","199.64K",-0.61%,"1.898","1.915","2","1.892","70.34K",-0.87%
2019-02-28 00:00:00.000,"57.220","57.000","57.430","56.430","496.68K","0.49%","2.812","2.808","2.843","2.787","118.34K","0.46%","2.024","2.025","2","2.009","8.85K","0.09%"
2019-07-24 00:00:00.000,"55.880","57.230","57.640","55.330","745.25K",-1.57%,"2.22","2.29","2.297","2.212","116.59K",-3.48%,"1.909","1.925","2","1.892","25.40K",-0.68%
2021-03-24 00:00:00.000,"61.180","57.400","61.340","57.290","566.29K","5.92%","2.518","2.515","2.545","2.503","48.42K","0.40%","1.826","1.734","2","1.733","23.15K","4.39%"
2019-06-24 00:00:00.000,"57.900","57.720","58.220","56.750","597.16K","0.82%","2.303","2.197","2.316","2.195","67.65K","5.35%","1.909","1.927","2","1.890","25.57K",-0.36%
2019-06-25 00:00:00.000,"57.830","57.740","58.840","57.200","673.14K",-0.12%,"2.308","2.303","2.315","2.255","55.01K","0.22%","1.923","1.906","2","1.892","23.18K","0.76%"
2019-11-26 00:00:00.000,"58.410","57.920","58.560","57.760","443.82K","0.69%","2.47","2.52","2.532","2.421","12.00K",-2.41%,"1.961","1.944","2","1.940","23.13K","0.84%"
2021-02-12 00:00:00.000,"59.470","57.940","59.820","57.410","480.82K","2.11%","2.912","2.87","2.987","2.834","190.05K","1.53%","1.771","1.742","2","1.724","66.42K","1.54%"
2020-04-22 00:00:00.000,"13.780","13.120","16.180","10.260","1.24M","37.66%","1.939","1.836","1.952","1.774","162.99K","6.48%","0.731","0.767","1","0.673","32.35K","0.58%"
2020-04-29 00:00:00.000,"15.060","13.350","16.780","12.670","554.13K","22.04%","1.869","1.949","1.973","1.86","159.45K","4.18%","0.695","0.633","1","0.629","13.04K","10.10%"
2020-04-30 00:00:00.000,"18.840","15.640","19.440","15.450","545.34K","25.10%","1.949","1.878","1.953","1.825","169.44K","4.28%","0.732","0.743","1","0.721","4.51K","5.39%"
2020-03-25 00:00:00.000,"24.490","24.370","25.240","22.910","618.73K","2.00%","1.659","1.673","1.716","1.638","42.56K","0.36%","1.098","1.087","1","1.054","17.14K","1.62%"
2020-04-13 00:00:00.000,"22.410","24.600","24.740","22.030","775.12K",-1.54%,"1.724","1.752","1.813","1.698","196.13K",-0.52%,"0.995","1.018","1","0.940","49.61K","2.26%"
2020-03-20 00:00:00.000,"22.430","24.730","27.890","19.460","29.76K",-11.06%,"1.604","1.647","1.7","1.574","160.48K",-3.02%,"1.006","1.041","1","1.001","27.73K",-3.40%
2020-03-17 00:00:00.000,"26.950","28.690","30.300","26.630","545.82K",-6.10%,"1.729","1.797","1.82","1.711","163.79K",-4.74%,"1.036","1.040","1","1.031","53.84K",-1.04%
2020-03-12 00:00:00.000,"31.500","33.070","33.630","30.020","1.03M",-4.49%,"1.841","1.883","1.883","1.75","280.15K",-1.97%,"1.160","1.243","1","1.120","102.09K",-6.32%
2020-05-22 00:00:00.000,"33.250","33.950","34.000","30.720","429.04K",-1.98%,"1.731","1.726","1.76","1.68","53.71K","1.23%","0.982","0.987","1","0.934","25.21K",-0.71%
2020-11-02 00:00:00.000,"36.810","35.240","37.150","33.640","489.20K","2.85%","3.244","3.374","3.393","3.214","156.21K",-3.28%,"1.112","1.074","1","1.025","70.78K","2.87%"
2020-06-02 00:00:00.000,"36.810","35.560","37.060","35.280","343.48K","3.87%","1.777","1.78","1.801","1.758","142.96K","0.17%","1.092","1.035","1","1.034","53.02K","6.13%"
2020-06-03 00:00:00.000,"37.290","36.860","38.180","35.880","494.25K","1.30%","1.821","1.774","1.861","1.771","200.60K","2.48%","1.065","1.089","1","1.046","55.34K",-2.52%
2020-10-05 00:00:00.000,"39.220","37.000","39.720","37.000","378.58K","5.86%","2.615","2.455","2.727","2.446","195.41K","7.26%","1.133","1.085","1","1.084","70.68K","4.45%"
2020-06-05 00:00:00.000,"39.550","37.330","39.680","37.050","396.86K","5.72%","1.782","1.821","1.864","1.777","207.23K",-2.20%,"1.151","1.072","1","1.071","49.61K","7.12%"
2020-11-04 00:00:00.000,"39.150","38.150","39.250","37.260","437.00K","3.96%","3.046","3.056","3.091","3.002","145.54K",-0.42%,"1.174","1.135","1","1.111","68.02K","4.12%"
2020-09-30 00:00:00.000,"40.220","39.160","40.370","38.680","340.29K","2.37%","2.527","2.502","2.579","2.425","145.93K",-1.33%,"1.145","1.107","1","1.100","3.64K","3.28%"
2020-06-08 00:00:00.000,"38.190","39.410","40.440","37.960","416.64K",-3.44%,"1.789","1.81","1.816","1.75","206.09K","0.39%","1.121","1.152","1","1.116","46.05K",-2.55%
2020-07-10 00:00:00.000,"40.550","39.580","40.770","38.540","393.15K","2.35%","1.805","1.776","1.835","1.737","166.22K","1.46%","1.241","1.224","1","1.199","44.54K","1.41%"
2020-09-23 00:00:00.000,"39.930","39.760","40.750","39.260","318.75K","0.83%","2.125","1.845","2.207","1.815","100.58K","15.87%","1.108","1.099","1","1.087","28.38K","1.04%"
2020-10-07 00:00:00.000,"39.950","39.830","40.350","39.280","433.07K",-1.77%,"2.606","2.511","2.686","2.466","211.07K","3.41%","1.161","1.171","1","1.144","76.21K",-2.34%
2020-09-25 00:00:00.000,"40.250","40.150","40.640","39.710","229.03K",-0.15%,"2.139","2.178","2.26","2.101","40.39K",-4.85%,"1.126","1.112","1","1.110","21.56K","0.85%"
2020-10-19 00:00:00.000,"40.830","40.690","41.220","40.540","75.34K",-0.12%,"2.795","2.641","2.89","2.638","150.45K","0.79%","1.158","1.177","1","1.151","43.64K",-1.78%
2020-11-13 00:00:00.000,"40.130","40.940","40.940","40.060","338.19K",-2.41%,"2.995","2.949","3.087","2.949","127.13K","0.64%","1.204","1.227","1","1.201","61.18K",-2.36%
2020-07-30 00:00:00.000,"39.920","41.320","41.390","38.720","487.33K",-3.27%,"1.829","1.921","1.928","1.818","165.71K",-1.35%,"1.212","1.258","1","1.165","9.50K",-3.30%
2020-08-10 00:00:00.000,"41.940","41.500","42.330","41.170","367.80K","1.75%","2.153","2.257","2.275","2.118","207.91K",-3.80%,"1.237","1.227","1","1.222","46.44K","1.39%"
2020-09-03 00:00:00.000,"41.370","41.630","41.790","40.220","417.63K",-0.34%,"2.487","2.489","2.567","2.455","146.08K","0.04%","1.168","1.188","1","1.138","85.47K",-1.75%
2020-08-25 00:00:00.000,"43.350","42.360","43.570","42.310","330.80K","1.71%","2.489","2.514","2.552","2.451","43.87K",-0.96%,"1.260","1.248","1","1.247","22.72K","1.00%"
2020-08-19 00:00:00.000,"42.930","42.600","43.030","42.360","81.30K","0.09%","2.426","2.417","2.455","2.375","112.84K","0.37%","1.251","1.255","1","1.237","39.16K",-0.75%
2020-11-24 00:00:00.000,"44.910","42.840","45.200","42.820","418.53K","4.30%","2.775","2.709","2.78","2.693","41.70K","2.36%","1.360","1.306","1","1.306","28.93K","3.74%"
2018-12-28 00:00:00.000,"45.330","45.440","46.220","44.420","564.39K","1.61%","3.303","3.507","3.527","3.278","132.47K",-9.31%,"1.665","1.698","2","1.651","14.55K",-0.81%
2019-11-04 00:00:00.000,"56.540","56.410","57.430","55.830","580.35K","0.60%","2.821","2.796","2.842","2.781","255.67K","3.94%","1.941","1.941","2","1.927","74.25K","0.38%"
2019-05-31 00:00:00.000,"53.500","56.460","56.610","53.050","1.03M",-5.46%,"2.454","2.558","2.573","2.444","198.41K",-3.65%,"1.842","1.900","2","1.836","5.91K",-3.82%
2019-07-18 00:00:00.000,"55.300","56.600","57.320","54.720","215.36K",-2.61%,"2.287","2.309","2.355","2.266","173.29K",-0.74%,"1.863","1.892","2","1.853","56.96K",-1.59%
2019-06-21 00:00:00.000,"57.430","57.260","57.980","56.660","676.05K","1.38%","2.186","2.213","2.222","2.181","92.24K","0.05%","1.916","1.894","2","1.876","36.02K","1.67%"
2019-11-11 00:00:00.000,"56.860","57.400","57.400","56.250","498.98K",-0.66%,"2.637","2.716","2.716","2.618","250.31K",-5.45%,"1.914","1.921","2","1.894","59.31K",-0.20%
2019-11-29 00:00:00.000,"55.170","58.130","58.300","55.020","718.72K",-5.01%,"2.281","2.497","2.513","2.27","244.12K",-7.39%,"1.879","1.948","2","1.873","2.85K",-3.68%
2019-09-19 00:00:00.000,"58.130","58.200","59.540","58.010","112.33K","0.03%","2.538","2.639","2.639","2.53","199.31K",-3.75%,"2.005","1.977","2","1.970","38.14K","1.60%"
2021-04-06 00:00:00.000,"59.330","58.800","60.900","58.620","457.35K","1.16%","2.456","2.511","2.568","2.453","142.68K",-2.19%,"1.794","1.774","2","1.772","43.19K","1.22%"
2020-04-23 00:00:00.000,"16.500","14.200","18.260","13.350","833.58K","19.74%","1.815","1.91","1.953","1.806","93.52K",-6.40%,"0.735","0.737","1","0.723","23.98K","0.47%"
2020-04-24 00:00:00.000,"16.940","16.780","17.970","15.640","600.22K","2.67%","1.746","1.818","1.839","1.702","77.81K",-3.80%,"0.647","0.722","1","0.635","33.50K",-11.95%
2020-04-17 00:00:00.000,"18.270","20.000","20.220","17.310","240.63K",-8.05%,"1.753","1.689","1.806","1.661","196.98K","3.97%","0.956","0.962","1","0.941","42.34K","1.06%"
2020-03-31 00:00:00.000,"20.480","20.230","21.890","20.010","660.08K","1.94%","1.64","1.702","1.731","1.636","142.55K",-2.96%,"1.012","1.028","1","1.000","3.44K",-0.72%
2020-04-07 00:00:00.000,"23.630","26.340","27.240","23.540","797.71K",-9.39%,"1.852","1.759","1.912","1.747","261.93K","6.99%","1.028","1.062","1","1.023","53.60K",-1.74%
2020-03-18 00:00:00.000,"20.370","26.940","27.220","20.060","309.48K",-24.42%,"1.604","1.721","1.728","1.555","216.85K",-7.23%,"0.954","1.040","1","0.934","71.33K",-7.87%
2020-05-19 00:00:00.000,"32.500","32.830","33.440","31.340","36.07K","2.14%","1.83","1.769","1.857","1.763","241.44K","2.64%","0.974","1.026","1","0.966","33.41K",-3.26%
2020-05-21 00:00:00.000,"33.920","33.530","34.660","33.260","372.81K","1.28%","1.71","1.778","1.785","1.692","99.42K",-3.44%,"0.989","0.991","1","0.981","23.55K",-0.16%
2020-03-16 00:00:00.000,"28.700","33.750","33.750","28.100","698.83K",-9.55%,"1.815","1.854","1.854","1.778","167.17K",-2.89%,"1.047","1.165","1","1.025","67.50K",-7.98%
2020-06-01 00:00:00.000,"35.440","35.210","35.900","34.270","385.71K",-0.14%,"1.774","1.83","1.848","1.742","205.24K",-4.06%,"1.029","1.032","1","1.008","47.35K","6.67%"
2020-09-11 00:00:00.000,"37.330","37.010","37.820","36.670","363.79K","0.08%","2.269","2.314","2.335","2.246","123.02K",-2.32%,"1.090","1.077","1","1.072","53.00K","0.67%"
2020-06-10 00:00:00.000,"39.600","38.500","39.910","37.730","385.87K","1.69%","1.78","1.763","1.808","1.674","203.93K","0.74%","1.173","1.144","1","1.132","55.93K","1.58%"
2020-10-27 00:00:00.000,"39.570","38.590","39.830","38.510","339.54K","2.62%","3.019","3.016","3.091","2.986","57.59K",-0.17%,"1.158","1.125","1","1.124","26.32K","3.20%"
2020-07-02 00:00:00.000,"40.650","39.780","40.740","39.460","347.10K","2.08%","1.734","1.693","1.738","1.672","142.22K","3.77%","1.231","1.201","1","1.195","40.48K","2.63%"
2020-07-17 00:00:00.000,"40.590","40.720","40.900","40.020","88.22K",-0.39%,"1.718","1.726","1.75","1.69","110.72K",-0.29%,"1.219","1.229","1","1.214","33.46K",-0.72%
2020-10-21 00:00:00.000,"40.030","41.220","41.590","39.780","366.90K",-3.45%,"3.023","2.897","3.053","2.89","154.37K","3.78%","1.140","1.166","1","1.127","36.76K",-2.86%
2020-09-04 00:00:00.000,"39.770","41.250","41.870","39.350","444.18K",-3.87%,"2.588","2.483","2.605","2.431","165.24K","4.06%","1.152","1.164","1","1.140","71.75K",-1.39%
2020-08-12 00:00:00.000,"42.670","41.620","42.900","41.530","397.83K","2.55%","2.152","2.149","2.165","2.085","175.92K",-0.88%,"1.257","1.242","1","1.239","45.92K","1.52%"
2020-08-24 00:00:00.000,"42.620","42.480","42.890","42.230","294.73K","0.66%","2.513","2.46","2.554","2.39","101.30K","2.66%","1.248","1.213","1","1.210","24.71K","3.28%"
2020-08-28 00:00:00.000,"42.970","42.980","43.420","42.690","272.80K",-0.16%,"2.657","2.71","2.743","2.621","152.90K","3.02%","1.216","1.211","1","1.200","17.10K","0.45%"
2020-11-25 00:00:00.000,"45.710","44.820","46.260","44.730","417.18K","1.78%","2.896","2.765","2.914","2.7","5.63K","4.36%","1.387","1.361","1","1.356","27.71K","1.99%"
2020-12-04 00:00:00.000,"46.260","45.640","46.680","45.610","335.45K","1.36%","2.575","2.511","2.623","2.462","142.53K","2.71%","1.403","1.392","1","1.388","44.36K","0.70%"
2020-03-06 00:00:00.000,"41.280","46.090","46.380","41.050","1.28M",-10.07%,"1.708","1.767","1.767","1.705","213.51K",-3.61%,"1.385","1.492","1","1.378","93.53K",-6.94%
2020-02-28 00:00:00.000,"44.760","46.490","47.030","43.850","1.10M",-4.95%,"1.684","1.748","1.75","1.642","218.42K",-3.88%,"1.491","1.481","1","1.444","5.76K","0.09%"
2020-02-11 00:00:00.000,"49.940","49.610","50.690","49.580","725.73K","0.75%","1.788","1.768","1.8","1.753","278.43K","1.25%","1.627","1.611","2","1.610","78.00K","0.88%"
2021-01-06 00:00:00.000,"50.630","49.820","50.940","49.480","509.37K","1.40%","2.716","2.688","2.77","2.606","144.69K","0.52%","1.529","1.518","2","1.503","66.94K","0.65%"
2018-12-13 00:00:00.000,"52.580","51.200","53.270","50.350","733.63K","2.80%","4.124","4.096","4.307","4.05","193.40K",-0.29%,"1.877","1.853","2","1.829","59.38K","1.38%"
2019-10-04 00:00:00.000,"52.810","52.290","53.350","52.040","541.10K","0.69%","2.352","2.336","2.398","2.263","204.66K","0.99%","1.895","1.876","2","1.876","72.54K","0.99%"
2021-01-28 00:00:00.000,"52.340","52.650","53.580","52.040","411.41K",-0.96%,"2.664","2.675","2.701","2.591","159.82K",-3.48%,"1.602","1.607","2","1.593","12.02K",-0.45%
2019-10-07 00:00:00.000,"52.750","52.690","54.060","52.590","549.02K",-0.11%,"2.303","2.333","2.342","2.287","207.41K",-2.08%,"1.903","1.891","2","1.886","68.93K","0.46%"
2019-08-09 00:00:00.000,"54.500","52.880","54.920","52.370","726.39K","3.73%","2.119","2.124","2.145","2.064","171.91K",-0.42%,"1.808","1.785","2","1.772","57.83K","1.77%"
2020-01-31 00:00:00.000,"51.560","52.920","53.360","50.970","827.91K",-1.11%,"1.841","1.832","1.856","1.812","135.68K","0.66%","1.625","1.655","2","1.618","4.77K",-0.92%
2019-10-16 00:00:00.000,"53.360","52.920","53.740","52.510","451.64K","1.04%","2.303","2.342","2.384","2.277","191.28K",-1.54%,"1.943","1.917","2","1.909","62.14K","1.71%"
2021-01-20 00:00:00.000,"53.240","53.130","53.790","53.050","37.84K","0.49%","2.539","2.544","2.567","2.454","133.44K",-0.27%,"1.600","1.601","2","1.587","22.22K","0.11%"
2018-12-04 00:00:00.000,"53.250","53.130","54.550","52.430","738.13K","0.57%","4.457","4.392","4.574","4.358","159.87K","2.72%","1.901","1.893","2","1.882","61.02K","0.71%"
2021-02-02 00:00:00.000,"54.760","53.480","55.260","53.450","463.72K","2.26%","2.845","2.829","3.005","2.811","236.39K",-0.18%,"1.675","1.647","2","1.644","71.35K","1.68%"
2019-10-02 00:00:00.000,"52.640","54.000","54.420","52.170","590.31K",-1.83%,"2.247","2.287","2.304","2.245","165.88K",-1.58%,"1.873","1.907","2","1.859","54.01K",-1.34%
2019-08-16 00:00:00.000,"54.870","54.740","55.670","54.260","168.35K","0.73%","2.2","2.22","2.224","2.17","111.99K",-1.43%,"1.813","1.812","2","1.803","38.67K","0.12%"
2018-11-14 00:00:00.000,"56.250","55.270","57.370","55.130","844.70K","1.01%","4.837","4.072","4.929","4.05","459.20K","17.95%","2.096","2.064","2","2.050","73.99K","1.62%"
2018-12-24 00:00:00.000,"42.530","45.450","46.240","42.360","415.86K",-6.71%,"3.467","3.758","3.846","3.449","44.12K",-9.15%,"1.662","1.734","2","1.660","13.66K",-4.07%
2019-01-03 00:00:00.000,"47.090","46.260","47.490","45.350","788.72K","1.18%","2.945","2.963","3.011","2.878","115.80K",-0.44%,"1.742","1.701","2","1.680","56.55K","2.43%"
2020-03-04 00:00:00.000,"46.780","46.940","48.410","46.650","745.86K",-0.85%,"1.827","1.805","1.845","1.785","138.21K","1.50%","1.533","1.533","2","1.523","67.53K","0.01%"
2020-03-03 00:00:00.000,"47.180","47.720","48.660","46.470","1.01M","0.92%","1.8","1.763","1.839","1.756","207.50K","2.51%","1.533","1.552","2","1.514","83.19K","0.28%"
2018-12-18 00:00:00.000,"46.240","49.160","49.590","45.790","120.10K",-7.30%,"3.838","3.596","3.85","3.566","149.56K","8.79%","1.754","1.805","2","1.746","58.68K",-3.99%
2020-02-05 00:00:00.000,"50.750","49.510","51.880","49.470","887.95K","2.30%","1.861","1.876","1.884","1.825","195.46K",-0.59%,"1.645","1.589","2","1.588","76.73K","3.88%"
2020-02-12 00:00:00.000,"51.170","49.960","51.730","49.950","795.26K","2.46%","1.844","1.79","1.855","1.789","303.31K","3.13%","1.676","1.628","2","1.628","69.89K","3.01%"
2018-11-26 00:00:00.000,"51.630","50.620","52.250","50.100","663.11K","2.40%","4.248","4.068","4.282","3.99","67.98K",-1.39%,"1.893","1.878","2","1.873","30.65K","0.90%"
2020-02-07 00:00:00.000,"50.320","51.110","51.480","50.090","768.35K",-1.24%,"1.858","1.863","1.898","1.842","272.13K",-0.21%,"1.643","1.671","2","1.640","82.09K",-1.33%
2019-01-14 00:00:00.000,"50.510","51.730","52.110","50.380","791.53K",-2.09%,"3.591","3.325","3.618","3.281","224.30K","15.88%","1.853","1.883","2","1.849","82.09K",-1.45%
2019-06-18 00:00:00.000,"53.900","51.950","54.310","51.500","181.64K","3.79%","2.328","2.373","2.404","2.318","121.40K",-2.43%,"1.828","1.801","2","1.780","39.34K","1.57%"
2019-01-10 00:00:00.000,"52.590","52.180","52.780","51.370","821.78K","0.44%","2.969","2.99","3.089","2.961","154.18K",-0.50%,"1.906","1.882","2","1.861","71.42K","1.35%"
2020-02-18 00:00:00.000,"52.050","52.230","52.410","50.880","221.77K",-0.29%,"1.981","1.88","1.983","1.874","322.72K","2.64%","1.672","1.703","2","1.658","61.14K",-0.99%
2019-10-09 00:00:00.000,"52.590","52.570","53.740","52.310","632.67K",-0.08%,"2.234","2.288","2.306","2.229","197.12K",-2.36%,"1.919","1.903","2","1.901","73.32K","0.48%"
2020-02-24 00:00:00.000,"51.430","52.600","52.640","50.450","765.52K",-3.65%,"1.827","1.884","1.884","1.824","75.20K",-4.09%,"1.613","1.673","2","1.583","27.03K",-4.35%
2021-01-14 00:00:00.000,"53.570","52.840","53.750","52.240","390.09K","1.25%","2.666","2.742","2.791","2.66","163.04K",-2.24%,"1.619","1.598","2","1.583","47.08K","1.28%"
2019-06-05 00:00:00.000,"51.680","52.860","53.410","50.600","943.19K",-3.37%,"2.378","2.419","2.426","2.355","109.98K",-1.57%,"1.780","1.808","2","1.740","65.67K",-2.28%
2021-01-21 00:00:00.000,"53.130","52.930","53.410","52.750","352.40K",-0.21%,"2.491","2.532","2.551","2.458","100.32K",-1.89%,"1.601","1.588","2","1.584","23.78K","0.01%"
2020-01-30 00:00:00.000,"52.140","53.090","53.200","51.660","720.12K",-2.23%,"1.829","1.879","1.886","1.815","219.70K",-2.56%,"1.640","1.694","2","1.630","16.03K",-3.75%
2019-01-28 00:00:00.000,"51.990","53.560","53.640","51.330","650.67K",-3.17%,"2.911","2.926","2.983","2.888","45.80K",-8.40%,"1.838","1.887","2","1.832","32.93K",-2.86%
2019-02-14 00:00:00.000,"54.410","53.960","54.680","53.080","623.55K","0.95%","2.573","2.591","2.613","2.566","101.56K",-0.08%,"1.972","1.939","2","1.933","62.50K","1.69%"
2018-11-23 00:00:00.000,"50.420","54.660","54.820","50.150","1.01M",-6.66%,"4.308","4.471","4.563","4.117","121.02K","0.94%","1.876","1.974","2","1.872","18.79K",-4.33%
2019-08-13 00:00:00.000,"57.100","54.730","57.470","54.210","783.49K","3.95%","2.147","2.106","2.175","2.086","199.87K","2.00%","1.877","1.805","2","1.791","57.00K","3.96%"
2019-02-05 00:00:00.000,"53.660","54.860","55.210","53.470","609.76K",-1.65%,"2.662","2.666","2.708","2.639","82.25K","0.08%","1.898","1.912","2","1.890","49.94K",-0.52%
2019-09-03 00:00:00.000,"53.940","55.000","55.240","52.840","970.80K",-1.32%,"2.358","2.288","2.365","2.269","221.62K","1.99%","1.803","1.830","2","1.777","81.42K",-0.45%
2019-08-23 00:00:00.000,"54.170","55.350","55.600","53.240","807.15K",-2.13%,"2.152","2.15","2.167","2.12","81.62K",-0.32%,"1.816","1.838","2","1.798","26.41K",-1.40%
2019-10-25 00:00:00.000,"56.660","56.070","56.740","55.600","445.02K","0.76%","2.3","2.331","2.336","2.273","63.90K",-0.69%,"1.980","1.984","2","1.951","25.17K",-0.34%
2019-03-11 00:00:00.000,"56.790","56.070","57.010","55.960","597.16K","1.28%","2.772","2.835","2.841","2.766","136.89K",-3.25%,"1.994","1.996","2","1.984","84.90K",-0.28%
2019-09-26 00:00:00.000,"56.410","56.690","56.840","55.410","599.65K",-0.14%,"2.428","2.514","2.54","2.39","10.41K",-2.96%,"1.955","1.954","2","1.925","18.10K","0.06%"
2020-03-27 00:00:00.000,"21.510","23.290","23.440","20.880","603.12K",-4.82%,"1.634","1.64","1.65","1.597","6.32K",-0.18%,"1.069","1.078","1","1.046","10.68K","1.73%"
2020-03-24 00:00:00.000,"24.010","23.870","25.160","23.090","659.70K","2.78%","1.653","1.59","1.687","1.583","92.34K","3.18%","1.080","1.042","1","1.037","19.84K","6.32%"
2020-03-26 00:00:00.000,"22.600","24.250","24.650","22.380","633.88K",-7.72%,"1.637","1.657","1.68","1.612","48.03K",-1.33%,"1.050","1.087","1","1.044","12.82K",-4.33%
2020-04-08 00:00:00.000,"25.090","24.300","26.450","23.740","823.55K","6.18%","1.783","1.905","1.918","1.771","227.40K",-3.73%,"1.011","1.033","1","1.003","58.73K",-1.64%
2020-05-06 00:00:00.000,"23.990","25.520","26.080","22.580","381.17K",-2.32%,"1.944","2.087","2.111","1.929","265.47K",-8.90%,"0.824","0.909","1","0.802","67.27K",-8.04%
2020-05-15 00:00:00.000,"29.430","27.640","29.920","27.240","108.02K","6.79%","1.646","1.675","1.732","1.634","169.71K",-2.08%,"0.920","0.903","1","0.897","38.57K","2.86%"
2020-05-28 00:00:00.000,"33.710","32.100","34.210","31.140","440.17K","2.74%","1.827","1.878","1.896","1.811","160.77K","6.10%","0.926","0.947","1","0.918","17.60K",-4.78%
2020-09-09 00:00:00.000,"38.050","36.790","38.450","36.160","455.36K","3.51%","2.406","2.367","2.48","2.328","201.39K","0.25%","1.106","1.086","1","1.066","66.63K","2.72%"
2020-11-09 00:00:00.000,"40.290","37.340","41.330","37.160","622.92K","8.48%","2.859","2.872","2.929","2.821","125.98K",-1.00%,"1.217","1.150","1","1.143","110.10K","6.49%"
2020-06-25 00:00:00.000,"38.720","38.050","39.230","37.080","451.64K","1.87%","1.482","1.595","1.598","1.44","62.68K",-7.20%,"1.156","1.152","1","1.118","20.89K","0.42%"
2020-10-28 00:00:00.000,"37.390","38.970","39.010","36.970","489.95K",-5.51%,"2.996","3.02","3.051","2.967","4.96K",-0.76%,"1.114","1.145","1","1.101","19.52K",-3.76%
2020-07-01 00:00:00.000,"39.820","39.840","40.580","39.050","407.17K","1.40%","1.671","1.754","1.758","1.655","173.54K",-4.57%,"1.200","1.197","1","1.180","51.30K","1.82%"
2020-10-01 00:00:00.000,"38.720","39.900","40.470","37.610","443.44K",-3.73%,"2.527","2.55","2.592","2.441","155.89K","0.00%","1.125","1.151","1","1.092","70.58K",-1.78%
2020-11-16 00:00:00.000,"41.340","40.170","42.090","40.150","378.79K","3.02%","2.697","2.871","2.887","2.675","189.36K",-9.95%,"1.229","1.205","1","1.204","44.03K","2.05%"
2020-09-17 00:00:00.000,"40.970","40.190","41.220","39.420","280.67K","2.02%","2.042","2.254","2.275","1.987","238.36K",-9.93%,"1.160","1.116","1","1.097","56.97K","3.90%"
2020-10-14 00:00:00.000,"41.040","40.190","41.160","39.820","328.30K","2.09%","2.636","2.761","2.771","2.61","184.59K",-7.67%,"1.193","1.168","1","1.154","51.16K","2.01%"
2020-09-29 00:00:00.000,"39.290","40.580","40.700","38.410","379.60K",-3.23%,"2.561","2.769","2.789","2.49","196.45K","21.89%","1.109","1.143","1","1.100","15.48K",-2.68%
2020-10-16 00:00:00.000,"40.880","40.880","41.050","40.080","96.49K",-0.20%,"2.773","2.778","2.852","2.67","146.43K",-0.07%,"1.179","1.185","1","1.163","49.88K",-0.81%
2019-02-26 00:00:00.000,"55.500","55.460","56.080","55.020","538.92K","0.04%","2.855","2.843","2.908","2.816","14.32K","0.67%","1.999","1.977","2","1.969","20.84K","1.21%"
2019-07-26 00:00:00.000,"56.200","55.930","56.570","55.680","476.79K","0.32%","2.169","2.24","2.242","2.165","45.84K",-3.34%,"1.904","1.907","2","1.900","19.61K",-0.52%
2019-08-20 00:00:00.000,"56.340","56.100","56.600","55.280","47.45K","0.23%","2.218","2.202","2.231","2.187","107.84K","0.36%","1.854","1.834","2","1.823","40.06K","1.16%"
2020-01-23 00:00:00.000,"55.590","56.110","56.270","54.770","704.00K",-2.03%,"1.926","1.915","1.98","1.913","179.79K","1.10%","1.792","1.788","2","1.751","36.14K",-0.48%
2019-07-23 00:00:00.000,"56.770","56.170","57.470","55.740","521.88K","0.98%","2.3","2.319","2.328","2.289","106.90K",-0.52%,"1.922","1.900","2","1.886","20.30K","1.17%"
2019-07-22 00:00:00.000,"56.220","56.220","56.840","55.720","24.30K","1.06%","2.312","2.242","2.322","2.233","168.62K","2.71%","1.900","1.900","2","1.893","22.98K","0.52%"
2019-07-03 00:00:00.000,"57.340","56.490","57.480","56.040","600.13K","1.94%","2.29","2.24","2.296","2.237","91.19K","2.23%","1.899","1.896","2","1.875","53.88K","0.66%"
2019-08-14 00:00:00.000,"55.230","56.740","56.850","53.970","718.29K",-3.27%,"2.143","2.159","2.203","2.122","127.37K",-0.19%,"1.844","1.872","2","1.809","59.71K",-1.79%
2019-09-09 00:00:00.000,"57.850","56.800","58.160","56.580","646.99K","2.35%","2.585","2.527","2.608","2.496","276.72K","3.57%","1.928","1.899","2","1.898","51.76K","1.44%"
2019-11-21 00:00:00.000,"58.580","57.000","58.670","56.600","593.53K","2.57%","2.567","2.566","2.595","2.526","131.31K","0.31%","1.945","1.892","2","1.883","29.36K","2.78%"
2019-07-30 00:00:00.000,"58.050","57.070","58.470","56.960","547.40K","2.07%","2.137","2.116","2.142","2.107","91.72K",-0.19%,"1.944","1.917","2","1.915","16.81K","1.75%"
2020-01-16 00:00:00.000,"58.520","58.100","58.870","57.560","182.87K","1.23%","2.077","2.134","2.17","2.071","206.42K",-2.03%,"1.860","1.883","2","1.857","91.94K",-0.95%
2021-02-11 00:00:00.000,"58.240","58.400","58.710","57.840","380.45K",-0.75%,"2.868","2.975","3.045","2.839","261.92K",-1.48%,"1.745","1.757","2","1.736","60.50K",-0.93%
2019-03-19 00:00:00.000,"59.030","59.010","59.570","58.620","114.82K",-0.10%,"2.874","2.845","2.897","2.835","109.75K","0.84%","1.990","1.967","2","1.964","37.86K","1.09%"
2019-09-23 00:00:00.000,"58.640","59.250","59.390","57.370","526.79K","0.95%","2.527","2.522","2.547","2.493","114.58K",-0.28%,"1.997","2.021","2","1.970","27.88K","0.54%"
2019-07-01 00:00:00.000,"59.090","59.270","60.280","58.340","674.89K","1.06%","2.267","2.33","2.331","2.217","149.17K",-1.78%,"1.954","1.946","2","1.933","51.70K","0.47%"
2019-06-27 00:00:00.000,"59.430","59.270","59.730","58.610","531.41K","0.08%","2.324","2.271","2.339","2.265","108.70K","1.44%","1.953","1.966","2","1.946","17.34K",-0.95%
2019-12-16 00:00:00.000,"60.210","59.870","60.340","59.710","347.40K","0.23%","2.341","2.296","2.377","2.285","163.03K","1.96%","2.005","1.981","2","1.981","58.40K","0.91%"
2018-03-14 00:00:00.000,"60.960","60.870","61.330","60.110","665.02K","0.41%","2.731","2.787","2.798","2.71","146.22K",-1.97%,"1.887","1.877","2","1.866","52.03K","0.70%"
2019-12-26 00:00:00.000,"61.680","61.200","61.830","61.060","265.09K","0.80%","2.294","2.184","2.297","2.184","53.81K","2.59%","2.052","2.041","2","2.036","17.31K","0.81%"
2021-03-23 00:00:00.000,"57.760","61.280","61.350","57.250","712.32K",-6.16%,"2.508","2.578","2.581","2.502","89.37K",-2.87%,"1.749","1.824","2","1.730","25.95K",-4.40%
2019-09-16 00:00:00.000,"62.900","61.480","63.380","58.770","1.40M","14.68%","2.681","2.688","2.7","2.641","197.19K","2.56%","2.084","1.986","2","1.986","100.92K","10.97%"
2018-03-20 00:00:00.000,"63.400","62.100","63.810","62.080","36.06K","2.16%","2.675","2.66","2.695","2.65","126.46K","0.91%","1.950","1.914","2","1.910","28.39K","2.23%"
2018-02-23 00:00:00.000,"63.550","62.600","63.730","62.330","460.60K","1.24%","2.625","2.619","2.633","2.555","67.00K",-0.34%,"1.969","1.946","2","1.936","27.99K","0.86%"
2019-04-03 00:00:00.000,"62.460","62.640","62.990","62.050","799.67K",-0.19%,"2.677","2.692","2.697","2.658","96.80K",-0.26%,"2.007","2.010","2","1.989","54.80K",-0.10%
2019-05-22 00:00:00.000,"61.420","62.950","63.000","61.030","766.73K",-2.49%,"2.543","2.619","2.624","2.538","162.72K",-2.68%,"2.049","2.075","2","2.028","37.29K",-1.46%
2021-04-28 00:00:00.000,"63.860","63.040","64.530","62.670","387.68K","1.46%","2.925","2.873","2.936","2.868","3.25K","1.81%","1.939","1.911","2","1.901","14.00K","1.73%"
2019-05-02 00:00:00.000,"61.810","63.610","63.680","60.950","914.66K",-2.81%,"2.589","2.613","2.618","2.564","120.84K",-1.18%,"2.078","2.092","2","2.048","111.19K",-0.78%
2018-01-22 00:00:00.000,"63.490","63.610","64.140","63.170","40.06K","0.19%","3.224","3.252","3.269","3.143","201.68K","1.22%","2.057","2.063","2","2.041","38.23K",-0.07%
2020-04-21 00:00:00.000,"10.010",-14.000,"13.860",-16.740,"18.44K",-126.60%,"1.821","1.943","1.974","1.779","283.42K",-5.35%,"0.727","0.899","1","0.709","37.77K",-18.12%
2020-05-01 00:00:00.000,"19.780","19.040","20.480","18.070","403.20K","4.99%","1.89","1.936","2.016","1.872","181.68K",-3.03%,"0.796","0.839","1","0.788","62.12K","8.77%"
2020-03-30 00:00:00.000,"20.090","20.930","20.930","19.270","758.71K",-6.60%,"1.69","1.63","1.708","1.613","102.31K","3.43%","1.019","1.051","1","0.988","12.36K",-4.60%
2020-05-05 00:00:00.000,"24.560","21.240","25.490","21.130","387.24K","20.45%","2.134","1.991","2.162","1.981","307.83K","7.07%","0.896","0.820","1","0.820","63.71K","11.57%"
2020-04-14 00:00:00.000,"20.110","22.360","23.080","19.950","785.48K",-10.26%,"1.65","1.725","1.737","1.633","198.54K",-4.29%,"0.944","1.004","1","0.936","53.90K",-5.07%
2020-04-09 00:00:00.000,"22.760","26.280","28.360","22.570","1.12M",-9.29%,"1.733","1.791","1.825","1.721","202.18K",-2.80%,"0.973","1.030","1","0.969","62.41K",-3.77%
2020-03-09 00:00:00.000,"31.130","32.870","34.880","27.340","1.77M",-24.59%,"1.778","1.678","1.83","1.61","291.35K","4.10%","1.163","1.228","1","1.080","117.15K",-16.05%
2020-05-27 00:00:00.000,"32.810","34.140","34.320","31.750","415.25K",-4.48%,"1.722","1.774","1.815","1.711","2.99K",-3.96%,"0.972","0.991","1","0.949","15.74K",-1.89%
2020-03-11 00:00:00.000,"32.980","34.620","36.350","32.560","874.65K",-4.02%,"1.878","1.938","1.998","1.86","318.55K",-3.00%,"1.238","1.259","1","1.221","88.43K",-0.95%
2020-06-17 00:00:00.000,"37.960","37.930","38.750","37.210","239.52K",-1.09%,"1.638","1.613","1.648","1.602","150.27K","1.49%","1.182","1.178","1","1.160","43.88K",-0.02%
2020-10-13 00:00:00.000,"40.200","39.530","40.530","39.350","375.47K","1.95%","2.855","2.834","2.884","2.751","178.43K",-0.90%,"1.169","1.159","1","1.156","58.24K","1.03%"
2020-09-22 00:00:00.000,"39.600","39.630","40.020","39.000","23.22K","0.74%","1.834","1.888","1.897","1.808","102.27K",-0.05%,"1.096","1.116","1","1.088","18.77K",-1.01%
2020-06-30 00:00:00.000,"39.270","39.640","40.080","38.850","370.06K",-1.08%,"1.751","1.697","1.784","1.688","186.91K","2.46%","1.178","1.169","1","1.157","2.76K","1.09%"
2020-06-24 00:00:00.000,"38.010","39.990","40.540","37.310","499.49K",-5.85%,"1.597","1.627","1.656","1.585","43.23K",-2.44%,"1.151","1.203","1","1.138","19.04K",-4.34%
2020-07-08 00:00:00.000,"40.900","40.480","41.080","40.300","286.74K","0.69%","1.824","1.879","1.886","1.808","187.55K",-2.77%,"1.234","1.240","1","1.229","45.83K",-0.72%
2020-07-21 00:00:00.000,"41.960","40.650","42.400","40.640","25.62K","2.82%","1.675","1.644","1.681","1.622","131.34K","2.07%","1.280","1.235","1","1.232","31.65K","3.60%"
2020-07-09 00:00:00.000,"39.620","40.870","40.990","39.270","367.39K",-3.13%,"1.779","1.82","1.891","1.772","179.26K",-2.47%,"1.224","1.236","1","1.211","48.01K",-0.85%
2020-09-18 00:00:00.000,"41.110","40.970","41.490","40.300","73.76K","0.34%","2.048","1.999","2.074","1.926","146.58K","0.29%","1.159","1.161","1","1.143","34.80K",-0.07%
2020-09-21 00:00:00.000,"39.310","40.980","41.270","38.660","66.20K",-4.38%,"1.835","1.991","2.038","1.795","256.63K",-10.40%,"1.107","1.155","1","1.104","34.52K",-4.46%
2020-07-27 00:00:00.000,"41.600","41.260","41.820","40.480","377.71K","0.75%","1.734","1.796","1.8","1.714","37.48K",-4.09%,"1.254","1.256","1","1.232","13.74K",-0.18%
2020-09-02 00:00:00.000,"41.510","43.020","43.210","41.230","421.77K",-2.92%,"2.486","2.516","2.578","2.415","257.13K",-1.62%,"1.189","1.234","1","1.184","78.61K",-3.44%
2020-12-01 00:00:00.000,"44.550","45.080","45.700","44.120","314.92K",-1.74%,"2.88","2.934","2.972","2.833","137.67K",-0.07%,"1.347","1.369","1","1.339","64.00K",-0.63%
2020-12-07 00:00:00.000,"45.760","46.150","46.540","45.360","348.87K",-1.08%,"2.406","2.456","2.483","2.381","236.67K",-6.56%,"1.399","1.399","1","1.382","43.92K",-0.27%
2020-12-23 00:00:00.000,"48.120","46.790","48.500","46.160","344.31K","2.34%","2.608","2.768","2.793","2.566","98.71K",-6.19%,"1.498","1.454","2","1.444","22.61K","2.46%"
2019-01-04 00:00:00.000,"47.960","46.900","49.220","46.650","817.28K","1.85%","3.044","2.914","3.049","2.894","122.58K","3.36%","1.769","1.730","2","1.724","61.14K","1.56%"
2020-03-05 00:00:00.000,"45.900","47.130","47.570","45.650","704.59K",-1.88%,"1.772","1.829","1.847","1.756","152.64K",-3.01%,"1.489","1.540","2","1.482","73.23K",-2.92%
2021-01-04 00:00:00.000,"47.620","48.400","49.830","47.180","528.53K",-1.85%,"2.581","2.626","2.67","2.566","128.38K","1.65%","1.462","1.483","2","1.452","72.56K",-0.97%
2020-12-18 00:00:00.000,"49.100","48.430","49.280","48.100","83.71K","1.53%","2.7","2.658","2.72","2.648","121.68K","2.43%","1.513","1.494","2","1.487","60.12K","1.19%"
2020-02-27 00:00:00.000,"47.090","48.630","48.780","45.880","1.01M",-3.37%,"1.752","1.828","1.831","1.719","276.10K",-3.79%,"1.489","1.506","2","1.441","19.03K",-0.68%
2019-06-13 00:00:00.000,"52.280","51.070","53.450","50.920","945.02K","2.23%","2.325","2.381","2.384","2.32","180.14K",-2.56%,"1.807","1.777","2","1.773","56.26K","1.50%"
2019-06-06 00:00:00.000,"52.590","51.660","53.300","51.170","790.07K","1.76%","2.324","2.371","2.392","2.305","177.94K",-2.27%,"1.788","1.777","2","1.753","53.83K","0.47%"
2019-01-16 00:00:00.000,"52.310","52.000","52.520","51.260","694.18K","0.38%","3.384","3.456","3.696","3.338","192.00K",-3.34%,"1.895","1.868","2","1.859","60.86K","1.20%"
2019-08-08 00:00:00.000,"52.540","52.330","53.060","51.940","724.76K","2.84%","2.128","2.088","2.155","2.086","191.13K","2.16%","1.777","1.776","2","1.756","63.91K","1.33%"
2019-10-03 00:00:00.000,"52.450","52.470","52.910","50.990","642.47K",-0.36%,"2.329","2.254","2.349","2.207","275.74K","3.65%","1.876","1.870","2","1.824","74.43K","0.16%"
2019-10-08 00:00:00.000,"52.630","52.810","53.270","51.810","658.32K",-0.23%,"2.288","2.293","2.323","2.266","182.13K",-0.65%,"1.910","1.906","2","1.874","71.43K","0.36%"
2019-01-23 00:00:00.000,"52.620","52.950","53.640","51.860","702.87K","0.10%","2.98","3.058","3.167","2.957","132.84K",-1.97%,"1.889","1.903","2","1.868","30.76K",-0.66%
2019-10-21 00:00:00.000,"53.310","53.710","54.030","52.710","95.98K",-0.87%,"2.238","2.32","2.322","2.213","215.76K",-3.53%,"1.941","1.944","2","1.913","39.00K",-0.33%
2019-08-27 00:00:00.000,"54.930","53.760","55.720","53.690","596.62K","2.40%","2.202","2.231","2.233","2.175","63.22K",-1.26%,"1.816","1.797","2","1.795","32.09K","1.31%"
2019-01-31 00:00:00.000,"53.790","54.280","55.370","53.620","718.65K",-0.81%,"2.814","2.868","2.918","2.802","130.11K",-1.40%,"1.879","1.910","2","1.871","5.37K",-1.03%
2019-10-23 00:00:00.000,"55.970","54.300","56.070","53.620","620.20K","3.34%","2.282","2.274","2.305","2.251","146.42K","0.44%","1.964","1.946","2","1.920","38.80K","1.06%"
2019-07-25 00:00:00.000,"56.020","55.900","56.990","55.810","559.28K","0.25%","2.244","2.231","2.261","2.222","47.53K","1.08%","1.914","1.910","2","1.906","16.95K","0.29%"
2019-08-21 00:00:00.000,"55.680","56.050","57.130","55.550","704.04K",-1.17%,"2.17","2.214","2.238","2.157","193.53K",-2.16%,"1.857","1.854","2","1.850","25.37K","0.16%"
2019-09-27 00:00:00.000,"55.910","56.510","56.760","54.750","712.97K",-0.89%,"2.404","2.449","2.451","2.38","132.79K",-0.99%,"1.942","1.956","2","1.918","18.55K",-0.69%
2019-11-05 00:00:00.000,"57.230","56.560","57.500","56.300","435.32K","1.22%","2.862","2.822","2.905","2.817","218.50K","1.45%","1.957","1.946","2","1.938","54.20K","0.83%"
2019-08-30 00:00:00.000,"55.100","56.630","56.720","54.550","708.27K",-2.84%,"2.285","2.288","2.299","2.257","124.71K",-0.48%,"1.828","1.860","2","1.810","5.26K",-1.92%
2019-02-22 00:00:00.000,"57.260","56.840","57.810","56.710","513.44K","0.53%","2.717","2.701","2.726","2.675","35.12K","0.74%","2.031","2.032","2","2.026","20.58K",-0.26%
2018-11-20 00:00:00.000,"53.430","57.390","57.440","52.770","983.12K",-5.87%,"4.523","4.583","4.672","4.274","238.95K",-3.77%,"1.990","2.088","2","1.973","40.38K",-4.61%
2019-11-14 00:00:00.000,"56.770","57.390","57.790","56.630","516.83K",-0.61%,"2.647","2.674","2.696","2.625","223.57K","1.81%","1.918","1.918","2","1.913","52.52K","0.28%"
2019-11-25 00:00:00.000,"58.010","57.920","58.150","57.210","420.64K","0.42%","2.531","2.689","2.709","2.51","70.30K",-5.03%,"1.944","1.933","2","1.923","30.69K","0.77%"
2021-02-09 00:00:00.000,"58.360","58.110","58.620","57.270","514.70K","0.67%","2.835","2.883","2.927","2.788","196.93K",-1.63%,"1.757","1.750","2","1.734","51.48K","0.51%"
2020-04-27 00:00:00.000,"12.780","16.840","16.980","11.880","623.20K",-24.56%,"1.819","1.701","1.85","1.593","67.07K","4.18%","0.610","0.662","1","0.591","17.67K",-5.61%
2020-04-01 00:00:00.000,"20.310","20.100","21.550","19.900","703.29K",-0.83%,"1.587","1.643","1.679","1.58","143.67K",-3.23%,"0.932","0.990","1","0.930","74.97K",-7.88%
2020-03-19 00:00:00.000,"25.220","22.300","27.710","21.360","136.72K","23.81%","1.654","1.632","1.683","1.602","189.48K","3.12%","1.042","0.995","1","0.950","41.00K","9.17%"
2020-05-18 00:00:00.000,"31.820","29.530","33.320","29.530","89.38K","8.12%","1.783","1.725","1.851","1.702","224.94K","8.32%","1.006","0.921","1","0.920","39.47K","9.34%"
2020-06-16 00:00:00.000,"38.380","37.050","39.060","36.380","366.32K","3.39%","1.614","1.673","1.685","1.597","167.10K",-3.30%,"1.182","1.137","1","1.124","50.06K","3.98%"
2020-06-18 00:00:00.000,"38.840","37.740","38.970","37.110","113.38K","2.32%","1.638","1.638","1.661","1.611","124.79K","0.00%","1.199","1.183","1","1.167","30.66K","1.40%"
2020-11-05 00:00:00.000,"38.790","39.170","39.350","38.270","298.37K",-0.92%,"2.942","3.062","3.113","2.925","173.75K",-3.41%,"1.170","1.172","1","1.148","64.81K",-0.33%
2020-06-22 00:00:00.000,"40.460","39.180","40.700","39.120","29.89K","1.79%","1.664","1.671","1.712","1.643","121.43K",-0.30%,"1.219","1.200","1","1.197","23.60K","0.59%"
2020-09-08 00:00:00.000,"36.760","39.480","39.590","36.130","720.98K",-6.22%,"2.4","2.586","2.586","2.356","223.47K",-5.55%,"1.077","1.144","1","1.061","91.64K",-4.67%
2020-07-14 00:00:00.000,"40.290","39.600","40.570","39.070","426.97K","0.47%","1.746","1.729","1.771","1.708","138.35K","0.40%","1.221","1.215","1","1.203","57.65K",-0.22%
2020-07-06 00:00:00.000,"40.630","40.310","41.080","39.840","373.24K","0.87%","1.83","1.738","1.864","1.733","249.49K","4.81%","1.242","1.229","1","1.229","49.03K","1.19%"
2020-07-31 00:00:00.000,"40.270","40.340","40.550","39.660","318.79K","0.88%","1.799","1.835","1.862","1.781","112.25K",-1.64%,"1.217","1.224","1","1.209","1.81K","0.43%"
2020-07-15 00:00:00.000,"41.200","40.550","41.260","40.080","352.54K","2.26%","1.778","1.743","1.792","1.728","93.86K","1.83%","1.245","1.217","1","1.209","46.26K","1.97%"
2020-07-20 00:00:00.000,"40.810","40.640","40.910","39.830","60.18K","0.54%","1.641","1.7","1.707","1.605","165.62K",-4.48%,"1.236","1.220","1","1.202","35.67K","1.35%"
2020-11-18 00:00:00.000,"41.820","41.350","42.460","41.080","107.01K","0.94%","2.712","2.694","2.783","2.687","124.47K","0.74%","1.264","1.242","1","1.235","51.64K","2.01%"
2020-07-29 00:00:00.000,"41.270","41.130","41.570","40.930","295.86K","0.56%","1.854","1.796","1.893","1.769","4.06K","3.00%","1.253","1.240","1","1.240","9.79K","0.90%"
2020-11-12 00:00:00.000,"41.120","41.470","42.190","40.870","401.03K",-0.80%,"2.976","3.032","3.064","2.941","126.61K",-1.81%,"1.233","1.247","1","1.225","63.50K",-1.00%
2020-07-23 00:00:00.000,"41.070","41.950","42.360","40.830","389.41K",-1.98%,"1.785","1.694","1.805","1.677","122.59K","6.19%","1.254","1.272","1","1.251","17.47K",-1.31%
2020-08-11 00:00:00.000,"41.610","41.980","42.940","41.480","432.84K",-0.79%,"2.171","2.165","2.231","2.135","166.07K","0.84%","1.238","1.236","1","1.234","61.06K","0.12%"
2020-08-17 00:00:00.000,"42.890","42.240","42.970","41.800","208.43K","2.09%","2.339","2.392","2.396","2.302","143.94K",-0.72%,"1.239","1.245","1","1.227","47.65K","0.19%"
2020-12-03 00:00:00.000,"45.640","44.990","45.840","44.660","350.77K","0.80%","2.507","2.76","2.768","2.484","269.56K",-9.82%,"1.393","1.361","1","1.354","55.51K","1.98%"
2020-12-08 00:00:00.000,"45.600","45.660","45.930","45.140","332.64K",-0.35%,"2.399","2.431","2.48","2.368","177.63K",-0.29%,"1.407","1.398","1","1.386","49.49K","0.54%"
2020-12-14 00:00:00.000,"46.990","46.730","47.440","45.690","403.54K","0.90%","2.682","2.658","2.708","2.612","142.94K","3.51%","1.454","1.439","1","1.419","50.41K","1.22%"
2018-12-20 00:00:00.000,"45.880","47.390","47.510","45.670","794.13K",-2.80%,"3.583","3.732","3.938","3.572","151.31K",-3.84%,"1.750","1.794","2","1.748","42.34K",-3.09%
2020-12-16 00:00:00.000,"47.820","47.600","47.940","47.170","275.33K","0.42%","2.677","2.666","2.692","2.618","128.97K",-0.19%,"1.478","1.459","1","1.451","64.05K","0.92%"
2020-12-22 00:00:00.000,"47.020","47.930","47.960","46.600","295.74K",-1.51%,"2.78","2.703","2.806","2.69","112.74K","2.77%","1.462","1.477","1","1.446","16.51K",-1.07%
2020-12-30 00:00:00.000,"48.400","48.130","48.660","47.610","266.96K","0.83%","2.422","2.444","2.473","2.387","81.79K",-1.82%,"1.490","1.488","2","1.476","12.97K","0.20%"
2020-12-28 00:00:00.000,"47.620","48.230","48.960","47.500","238.46K",-1.26%,"2.305","2.311","2.343","2.238","49.28K",-8.46%,"1.479","1.490","2","1.474","15.29K",-0.74%
2019-01-09 00:00:00.000,"52.360","49.800","52.580","49.710","891.92K","5.18%","2.984","3.008","3.019","2.939","120.96K","0.57%","1.881","1.819","2","1.819","63.30K","2.94%"
2021-01-07 00:00:00.000,"50.830","50.530","51.280","50.390","369.29K","0.40%","2.729","2.722","2.755","2.663","135.48K","0.48%","1.538","1.526","2","1.523","57.12K","0.61%"
2020-02-06 00:00:00.000,"50.950","51.170","52.200","50.240","750.66K","0.39%","1.862","1.865","1.906","1.832","186.21K","0.05%","1.665","1.657","2","1.641","67.66K","1.22%"
2018-12-17 00:00:00.000,"49.880","51.250","51.870","49.010","211.26K",-2.58%,"3.528","3.62","3.742","3.516","142.41K",-7.81%,"1.827","1.845","2","1.805","50.64K",-1.01%
2018-11-30 00:00:00.000,"50.930","51.270","51.790","49.650","796.71K",-1.01%,"4.612","4.584","4.776","4.473","167.70K",-0.73%,"1.846","1.841","2","1.790","3.68K","0.10%"
2020-02-14 00:00:00.000,"52.050","51.510","52.340","51.320","607.34K","1.23%","1.837","1.828","1.854","1.795","188.95K","0.60%","1.698","1.679","2","1.671","66.30K","1.05%"
2020-02-13 00:00:00.000,"51.420","51.720","51.960","50.600","745.40K","0.49%","1.826","1.846","1.869","1.823","280.38K",-0.98%,"1.681","1.681","2","1.660","65.77K","0.29%"
2021-01-25 00:00:00.000,"52.770","52.170","52.950","51.820","349.08K","0.96%","2.602","2.542","2.619","2.504","42.99K","6.38%","1.594","1.574","2","1.566","28.05K","1.14%"
2019-01-18 00:00:00.000,"53.800","52.230","53.920","52.090","193.10K","3.32%","3.482","3.436","3.499","3.201","160.24K","2.02%","1.916","1.884","2","1.881","43.44K","1.68%"
2019-01-11 00:00:00.000,"51.590","52.280","53.310","51.180","812.34K",-1.90%,"3.099","2.995","3.166","2.991","135.46K","4.38%","1.880","1.900","2","1.873","61.41K",-1.39%
2019-01-17 00:00:00.000,"52.070","52.300","52.580","50.980","288.56K",-0.46%,"3.413","3.412","3.593","3.367","158.11K","0.86%","1.884","1.892","2","1.853","40.55K",-0.54%
2019-02-08 00:00:00.000,"52.720","52.590","52.990","52.080","621.00K","0.15%","2.583","2.573","2.62","2.558","147.88K","1.25%","1.909","1.900","2","1.882","64.87K","0.42%"
2018-12-05 00:00:00.000,"52.890","52.590","54.440","52.160","624.91K",-0.68%,"4.469","4.518","4.63","4.404","105.11K","0.27%","1.889","1.886","2","1.873","37.30K",-0.65%
2019-02-11 00:00:00.000,"52.410","52.660","52.780","51.230","750.24K",-0.59%,"2.642","2.65","2.744","2.638","202.42K","2.28%","1.892","1.910","2","1.886","63.23K",-0.85%
2019-10-17 00:00:00.000,"53.930","52.990","54.160","52.620","418.42K","1.07%","2.318","2.292","2.365","2.284","159.78K","0.65%","1.948","1.935","2","1.918","61.02K","0.28%"
2019-06-07 00:00:00.000,"53.990","53.100","54.320","52.620","828.13K","2.66%","2.337","2.334","2.355","2.306","154.55K","0.56%","1.825","1.801","2","1.792","59.97K","2.04%"
2019-01-30 00:00:00.000,"54.230","53.240","54.930","53.090","731.31K","1.73%","2.854","2.909","2.919","2.846","92.04K",-3.25%,"1.898","1.895","2","1.888","19.69K","0.05%"
2019-02-13 00:00:00.000,"53.900","53.350","54.600","53.270","706.55K","1.51%","2.575","2.665","2.669","2.558","185.48K",-4.20%,"1.939","1.914","2","1.913","63.54K","1.66%"
2019-10-22 00:00:00.000,"54.160","53.390","54.620","53.100","33.92K","1.59%","2.272","2.236","2.311","2.231","234.96K","1.52%","1.944","1.943","2","1.934","25.03K","0.16%"
2018-11-21 00:00:00.000,"54.630","53.390","55.860","53.390","734.28K","2.25%","4.451","4.536","4.864","4.42","197.74K",-1.59%,"1.970","1.987","2","1.965","36.54K",-1.00%
2021-01-15 00:00:00.000,"52.360","53.800","53.830","51.830","165.67K",-2.26%,"2.737","2.672","2.8","2.636","150.99K","2.66%","1.593","1.620","2","1.572","50.53K",-1.64%
2019-02-01 00:00:00.000,"55.260","54.010","55.660","53.370","689.57K","2.73%","2.734","2.832","2.85","2.73","124.50K",-2.84%,"1.913","1.885","2","1.862","59.30K","1.80%"
2019-06-10 00:00:00.000,"53.260","54.240","54.840","53.050","687.15K",-1.35%,"2.357","2.335","2.365","2.324","169.93K","0.86%","1.806","1.826","2","1.801","45.66K",-1.01%
2019-08-12 00:00:00.000,"54.930","54.320","55.180","53.540","611.03K","0.79%","2.105","2.124","2.157","2.095","167.91K",-0.66%,"1.806","1.796","2","1.793","48.59K",-0.12%
2021-02-03 00:00:00.000,"55.690","55.050","56.330","54.810","448.69K","1.70%","2.789","2.827","2.894","2.748","158.48K",-1.97%,"1.691","1.684","2","1.678","54.09K","0.95%"
2018-11-16 00:00:00.000,"56.460","56.580","57.960","55.890","159.00K","0.00%","4.272","3.907","4.39","3.907","270.72K","5.79%","2.074","2.077","2","2.059","51.63K",-0.02%
2019-11-13 00:00:00.000,"57.120","56.790","57.530","56.200","547.64K","0.56%","2.6","2.622","2.68","2.57","206.27K",-0.80%,"1.913","1.896","2","1.868","86.08K","0.79%"
2019-11-19 00:00:00.000,"55.210","56.900","57.110","55.040","121.21K",-3.23%,"2.51","2.547","2.56","2.501","205.95K",-2.18%,"1.857","1.899","2","1.853","51.13K",-2.48%
2019-03-01 00:00:00.000,"55.800","57.220","57.880","55.570","684.19K",-2.48%,"2.859","2.805","2.872","2.78","134.66K","1.67%","2.001","2.029","2","1.979","55.01K",-1.11%
2019-09-10 00:00:00.000,"57.400","58.030","58.760","57.200","755.47K",-0.78%,"2.58","2.606","2.648","2.571","259.97K",-0.19%,"1.931","1.932","2","1.926","60.51K","0.18%"
2019-05-24 00:00:00.000,"58.630","58.210","59.100","57.500","758.10K","1.24%","2.598","2.579","2.604","2.542","55.43K","0.78%","1.971","1.966","2","1.943","23.42K","0.45%"
2019-12-06 00:00:00.000,"59.200","58.320","59.850","57.700","679.61K","1.32%","2.334","2.417","2.437","2.328","251.41K",-3.83%,"1.952","1.932","2","1.919","79.52K","0.99%"
2020-04-20 00:00:00.000,-37.630,"17.730","17.850",-40.320,"247.95K",-305.97%,"1.924","1.774","1.97","1.701","229.82K","9.75%","0.888","0.959","1","0.886","35.23K",-7.16%
2020-03-23 00:00:00.000,"23.360","22.520","24.070","20.800","852.95K","4.15%","1.602","1.533","1.628","1.519","138.58K",-0.12%,"1.016","1.006","1","0.955","19.76K","0.97%"
2020-11-20 00:00:00.000,"42.150","41.700","42.320","41.510","29.78K","0.98%","2.65","2.599","2.679","2.58","76.19K","2.24%","1.286","1.274","1","1.265","31.78K","1.23%"
2020-08-14 00:00:00.000,"42.010","42.330","42.570","41.620","310.87K",-0.54%,"2.356","2.191","2.379","2.171","229.93K","7.97%","1.237","1.243","1","1.232","37.66K",-0.11%
2020-12-02 00:00:00.000,"45.280","44.380","45.920","43.920","368.85K","1.64%","2.78","2.881","2.934","2.74","142.88K",-3.47%,"1.366","1.344","1","1.334","55.83K","1.40%"
2018-12-31 00:00:00.000,"45.410","45.220","46.530","44.730","476.97K","0.18%","2.94","3.125","3.14","2.93","160.85K",-10.99%,"1.681","1.672","2","1.662","4.08K","0.97%"
2020-12-09 00:00:00.000,"45.520","45.600","46.240","44.950","434.98K",-0.18%,"2.442","2.454","2.524","2.421","185.15K","1.79%","1.399","1.406","1","1.393","62.92K",-0.55%
2020-12-10 00:00:00.000,"46.780","45.690","47.740","45.520","447.53K","2.77%","2.553","2.43","2.594","2.381","215.46K","4.55%","1.436","1.402","1","1.399","56.58K","2.63%"
2020-12-15 00:00:00.000,"47.620","46.990","47.730","46.540","311.17K","1.34%","2.682","2.669","2.7","2.596","137.60K","0.00%","1.464","1.458","1","1.443","55.30K","0.69%"
2020-12-29 00:00:00.000,"48.000","47.720","48.350","47.680","213.78K","0.80%","2.467","2.34","2.489","2.282","3.27K","7.03%","1.487","1.483","1","1.482","16.15K","0.53%"
2020-12-24 00:00:00.000,"48.230","48.090","48.620","47.560","167.39K","0.23%","2.518","2.611","2.632","2.515","39.99K",-3.45%,"1.490","1.496","2","1.478","11.36K",-0.50%
2020-12-21 00:00:00.000,"47.740","48.540","48.610","46.180","27.96K",-2.77%,"2.705","2.73","2.73","2.632","104.27K","0.19%","1.477","1.513","2","1.427","35.06K",-2.35%
2020-02-04 00:00:00.000,"49.610","49.940","51.550","49.310","859.36K",-1.00%,"1.872","1.823","1.888","1.804","184.04K","2.91%","1.584","1.570","2","1.568","77.73K","0.38%"
2019-01-15 00:00:00.000,"52.110","50.780","52.300","50.640","664.18K","3.17%","3.501","3.631","3.722","3.433","184.63K",-2.51%,"1.872","1.858","2","1.850","64.08K","1.06%"
2021-01-08 00:00:00.000,"52.240","50.930","52.750","50.810","499.42K","2.77%","2.7","2.675","2.73","2.626","148.73K",-1.06%,"1.580","1.541","2","1.538","60.18K","2.69%"
2018-11-28 00:00:00.000,"50.290","52.090","52.560","50.060","831.69K",-2.46%,"4.715","4.199","4.806","4.19","18.26K","10.63%","1.838","1.902","2","1.835","24.15K",-2.52%
2021-01-29 00:00:00.000,"52.200","52.150","53.250","51.930","410.91K",-0.27%,"2.564","2.68","2.71","2.554","133.18K",-3.75%,"1.600","1.598","2","1.595","3.35K",-0.08%
2021-01-12 00:00:00.000,"53.210","52.180","53.450","52.070","400.20K","1.84%","2.753","2.794","2.899","2.718","201.43K","0.22%","1.597","1.574","2","1.571","51.16K","1.47%"
2019-01-24 00:00:00.000,"53.130","52.450","53.470","52.070","714.42K","0.97%","3.099","3.025","3.156","2.988","97.94K","3.99%","1.886","1.887","2","1.865","21.10K",-0.16%
2021-01-11 00:00:00.000,"52.250","52.580","52.700","51.500","394.82K","0.02%","2.747","2.6","2.811","2.589","177.25K","1.74%","1.574","1.586","2","1.553","62.87K",-0.38%
2021-01-22 00:00:00.000,"52.270","53.100","53.160","51.440","437.48K",-1.62%,"2.446","2.492","2.504","2.414","63.83K",-1.81%,"1.576","1.601","2","1.556","29.70K",-1.54%
2019-08-26 00:00:00.000,"53.640","53.250","55.260","52.960","679.02K",-0.98%,"2.23","2.169","2.237","2.159","52.78K","3.62%","1.792","1.796","2","1.790","29.39K",-1.28%
2021-01-13 00:00:00.000,"52.910","53.310","53.930","52.580","429.90K",-0.56%,"2.727","2.737","2.826","2.708","169.24K",-0.94%,"1.599","1.600","2","1.583","46.76K","0.14%"
2019-08-07 00:00:00.000,"51.090","53.420","53.770","50.520","1.06M",-4.74%,"2.083","2.103","2.145","2.074","203.42K",-1.33%,"1.753","1.818","2","1.745","82.98K",-3.88%
2020-01-27 00:00:00.000,"53.140","53.700","53.710","52.130","712.88K",-1.94%,"1.902","1.935","1.976","1.888","72.17K","0.48%","1.680","1.728","2","1.656","26.87K",-3.14%
2020-02-21 00:00:00.000,"53.380","53.740","53.860","52.550","707.56K",-0.74%,"1.905","1.915","1.925","1.861","146.81K",-0.78%,"1.687","1.690","2","1.656","26.25K",-0.65%
2019-10-01 00:00:00.000,"53.620","54.280","54.840","53.050","589.18K",-0.83%,"2.283","2.325","2.334","2.268","232.34K",-2.02%,"1.899","1.902","2","1.887","59.43K",-0.37%
2019-02-19 00:00:00.000,"56.090","55.780","56.330","55.290","153.73K",-0.32%,"2.662","2.621","2.673","2.6","151.75K","0.60%","1.995","2.021","2","1.986","53.04K",-1.19%
2019-10-24 00:00:00.000,"56.230","55.900","56.510","55.410","480.76K","0.46%","2.316","2.285","2.342","2.269","125.65K","1.49%","1.986","1.965","2","1.953","27.65K","1.12%"
2019-09-12 00:00:00.000,"55.090","55.930","56.340","54.000","845.98K",-1.18%,"2.574","2.547","2.585","2.512","218.45K","0.86%","1.885","1.906","2","1.851","62.52K",-0.95%
2019-02-27 00:00:00.000,"56.940","55.950","57.390","55.720","577.23K","2.59%","2.799","2.768","2.812","2.732","94.05K",-1.96%,"2.022","2.008","2","1.999","24.29K","1.16%"
2019-07-29 00:00:00.000,"56.870","56.200","57.100","55.810","529.74K","1.19%","2.141","2.175","2.182","2.12","8.76K",-1.29%,"1.911","1.904","2","1.897","15.69K","0.33%"
2019-12-04 00:00:00.000,"58.430","56.430","58.660","56.280","760.54K","4.15%","2.399","2.439","2.463","2.368","195.33K",-1.72%,"1.923","1.886","2","1.884","75.76K","2.29%"
2021-02-05 00:00:00.000,"56.850","56.460","57.290","56.430","400.83K","1.10%","2.863","2.957","3.057","2.851","270.03K",-2.45%,"1.714","1.708","2","1.708","68.86K","0.78%"
2019-09-30 00:00:00.000,"54.070","56.540","56.570","53.980","532.52K",-3.29%,"2.33","2.38","2.392","2.324","173.79K",-3.08%,"1.906","1.950","2","1.900","3.71K",-1.85%
2019-10-28 00:00:00.000,"55.810","56.650","56.920","55.580","437.02K",-1.50%,"2.446","2.366","2.47","2.346","80.63K","6.35%","1.962","1.978","2","1.955","23.51K",-0.90%
2019-11-15 00:00:00.000,"57.720","56.910","57.970","56.430","375.99K","1.67%","2.688","2.636","2.724","2.606","173.53K","1.55%","1.948","1.918","2","1.903","64.77K","1.57%"
2021-02-08 00:00:00.000,"57.970","57.060","58.140","57.000","399.72K","1.97%","2.882","2.909","2.985","2.844","194.66K","0.66%","1.748","1.715","2","1.715","55.64K","1.99%"
2019-11-08 00:00:00.000,"57.240","57.080","57.480","55.760","636.94K","0.16%","2.789","2.792","2.822","2.755","175.96K","0.61%","1.918","1.919","2","1.872","93.94K",-0.11%
2019-03-13 00:00:00.000,"58.260","57.090","58.480","57.010","610.62K","2.44%","2.82","2.791","2.839","2.762","101.21K","1.29%","1.992","1.986","2","1.979","85.90K","0.32%"
2019-07-17 00:00:00.000,"56.780","57.520","58.360","56.210","504.43K",-1.46%,"2.304","2.318","2.346","2.29","135.14K",-0.09%,"1.893","1.898","2","1.886","48.14K",-0.65%
2020-01-15 00:00:00.000,"57.810","58.200","58.360","57.360","433.17K",-0.72%,"2.12","2.181","2.189","2.104","218.92K",-3.06%,"1.878","1.902","2","1.876","89.63K",-1.70%
2019-12-05 00:00:00.000,"58.430","58.360","59.120","58.100","649.46K","0.00%","2.427","2.406","2.463","2.396","179.53K","1.17%","1.933","1.926","2","1.913","74.71K","0.53%"
2019-12-12 00:00:00.000,"59.180","58.880","59.720","58.750","530.85K","0.71%","2.328","2.248","2.348","2.244","258.90K","3.79%","1.951","1.932","2","1.930","61.51K","1.14%"
2019-12-11 00:00:00.000,"58.760","59.060","59.220","58.110","589.65K",-0.81%,"2.243","2.265","2.303","2.24","220.22K",-0.93%,"1.929","1.958","2","1.916","68.79K",-1.87%
2019-05-29 00:00:00.000,"58.810","59.070","59.140","56.880","1.12M",-0.56%,"2.633","2.582","2.643","2.58","8.81K","1.98%","1.968","1.991","2","1.946","17.11K",-1.25%
2019-05-30 00:00:00.000,"56.590","59.120","59.700","56.330","842.28K",-3.77%,"2.547","2.619","2.628","2.534","167.47K",-3.27%,"1.915","1.971","2","1.907","18.70K",-2.67%
2019-12-13 00:00:00.000,"60.070","59.360","60.480","59.270","512.29K","1.50%","2.296","2.341","2.342","2.253","170.40K",-1.37%,"1.986","1.955","2","1.955","63.34K","1.82%"
2019-03-22 00:00:00.000,"59.040","59.870","60.070","58.280","738.84K",-1.57%,"2.753","2.821","2.824","2.721","92.64K",-2.41%,"1.966","1.985","2","1.935","34.26K",-1.07%
2020-05-08 00:00:00.000,"24.740","23.350","24.990","23.260","205.18K","5.05%","1.823","1.901","1.927","1.811","188.40K",-3.75%,"0.899","0.836","1","0.832","55.95K","7.43%"
2020-04-06 00:00:00.000,"26.080","26.090","28.240","25.280","752.71K",-7.97%,"1.731","1.65","1.755","1.63","187.96K","6.79%","1.046","1.051","1","1.016","46.85K",-2.33%
2020-03-10 00:00:00.000,"34.360","30.370","35.020","30.200","1.06M","10.38%","1.936","1.835","1.955","1.794","350.20K","8.89%","1.250","1.158","1","1.152","105.07K","7.48%"
2020-03-13 00:00:00.000,"31.730","30.770","33.870","30.330","743.13K","0.73%","1.869","1.81","1.951","1.795","222.42K","1.52%","1.137","1.138","1","1.125","66.46K",-1.93%
2020-05-20 00:00:00.000,"33.490","31.890","33.780","31.560","406.43K","3.05%","1.771","1.804","1.889","1.743","158.34K",-3.22%,"0.991","0.977","1","0.968","30.48K","1.75%"
2020-05-26 00:00:00.000,"34.350","33.300","34.810","32.480","466.74K","1.27%","1.793","1.746","1.809","1.692","44.87K",-3.81%,"0.991","0.989","1","0.969","23.52K",-4.71%
2020-06-15 00:00:00.000,"37.120","36.030","37.260","34.360","387.55K","2.37%","1.669","1.753","1.761","1.661","191.89K",-3.58%,"1.137","1.105","1","1.078","48.46K","3.23%"
2020-06-12 00:00:00.000,"36.260","36.260","36.990","34.480","406.51K",-0.22%,"1.731","1.817","1.822","1.727","148.10K",-4.52%,"1.101","1.085","1","1.053","44.31K","1.23%"
2020-09-15 00:00:00.000,"38.280","37.280","38.570","37.060","348.86K","2.74%","2.362","2.305","2.383","2.275","114.51K","2.25%","1.099","1.092","1","1.081","53.23K","0.54%"
2020-09-14 00:00:00.000,"37.260","37.320","37.680","36.820","347.56K",-0.19%,"2.31","2.306","2.399","2.284","151.17K","1.81%","1.093","1.094","1","1.076","59.57K","0.35%"
2020-06-09 00:00:00.000,"38.940","38.220","39.100","37.070","396.03K","1.96%","1.767","1.809","1.829","1.756","207.73K",-1.23%,"1.155","1.121","1","1.104","44.33K","2.98%"
2020-09-16 00:00:00.000,"40.160","38.350","40.340","38.350","367.61K","4.91%","2.267","2.356","2.389","2.233","119.39K",-4.02%,"1.116","1.100","1","1.097","63.76K","1.55%"
2020-11-06 00:00:00.000,"37.140","38.540","38.610","37.060","411.03K",-4.25%,"2.888","2.934","2.971","2.866","186.66K",-1.84%,"1.143","1.168","1","1.136","58.15K",-2.31%
2020-06-26 00:00:00.000,"38.490","39.090","39.350","37.790","356.71K",-0.59%,"1.495","1.441","1.567","1.432","7.25K","0.88%","1.136","1.160","1","1.120","11.81K",-1.67%
2020-10-06 00:00:00.000,"40.670","39.350","40.860","39.100","400.53K","3.70%","2.52","2.623","2.703","2.505","149.53K",-3.63%,"1.189","1.137","1","1.132","77.24K","4.88%"
2020-10-26 00:00:00.000,"38.560","39.690","39.740","38.280","360.18K",-3.24%,"3.024","2.941","3.08","2.907","35.71K","1.78%","1.122","1.149","1","1.112","22.36K",-2.56%
2020-10-22 00:00:00.000,"40.640","40.040","41.020","39.710","307.49K","1.52%","3.007","3.025","3.066","2.98","93.19K",-0.53%,"1.161","1.137","1","1.133","22.53K","1.82%"
2020-08-04 00:00:00.000,"41.700","40.780","42.080","40.140","451.58K","1.68%","2.193","2.097","2.198","2.056","230.89K","4.38%","1.258","1.238","1","1.222","45.53K","1.41%"
2020-10-15 00:00:00.000,"40.960","41.130","41.290","39.220","248.25K",-0.19%,"2.775","2.645","2.829","2.639","150.33K","5.27%","1.189","1.195","1","1.149","67.50K",-0.32%
2020-08-05 00:00:00.000,"42.190","41.560","43.520","41.470","491.27K","1.18%","2.191","2.178","2.261","2.163","182.43K",-0.09%,"1.263","1.257","1","1.252","58.98K","0.37%"
2020-11-19 00:00:00.000,"41.740","41.610","41.980","41.080","88.14K",-0.19%,"2.592","2.715","2.744","2.525","159.96K",-4.42%,"1.271","1.264","1","1.255","38.96K","0.53%"
2020-11-23 00:00:00.000,"43.060","42.460","43.360","42.290","300.72K","2.16%","2.711","2.705","2.728","2.649","38.78K","2.30%","1.311","1.288","1","1.282","27.97K","1.88%"
2020-08-20 00:00:00.000,"42.580","42.740","42.790","41.500","27.43K",-0.82%,"2.352","2.43","2.44","2.345","146.66K",-3.05%,"1.247","1.246","1","1.219","29.57K",-0.34%
2020-08-18 00:00:00.000,"42.890","42.790","42.990","42.110","111.63K","0.00%","2.417","2.344","2.465","2.306","141.59K","3.33%","1.260","1.245","1","1.232","45.28K","1.72%"
2020-08-31 00:00:00.000,"42.610","42.910","43.570","42.560","236.88K",-0.84%,"2.63","2.629","2.653","2.497","203.89K",-1.02%,"1.196","1.223","1","1.193","3.21K",-1.65%
2020-08-26 00:00:00.000,"43.390","43.390","43.780","43.000","262.24K","0.09%","2.461","2.48","2.557","2.398","37.63K",-1.12%,"1.245","1.260","1","1.232","16.22K",-1.22%
2020-08-27 00:00:00.000,"43.040","43.450","43.500","42.360","320.97K",-0.81%,"2.579","2.424","2.598","2.388","2.60K","4.79%","1.211","1.245","1","1.200","14.84K",-2.73%
2020-03-02 00:00:00.000,"46.750","43.700","47.560","43.320","949.47K","4.45%","1.756","1.695","1.765","1.68","197.99K","4.28%","1.529","1.460","2","1.444","89.47K","2.56%"
2019-01-02 00:00:00.000,"46.540","45.800","47.780","44.350","850.48K","1.42%","2.958","2.921","3.039","2.905","147.68K",-0.80%,"1.701","1.690","2","1.642","65.51K","0.89%"
2020-11-27 00:00:00.000,"45.530","45.900","46.090","44.550","365.13K","1.22%","2.843","2.95","2.963","2.828","94.07K",-2.97%,"1.381","1.392","1","1.355","13.68K","0.85%"
2018-12-27 00:00:00.000,"44.610","46.580","46.700","44.370","665.59K",-3.48%,"3.642","3.5","3.666","3.441","10.24K","2.79%","1.678","1.741","2","1.673","24.07K",-3.19%
2021-01-05 00:00:00.000,"49.930","47.380","50.200","47.240","643.19K","4.85%","2.702","2.599","2.732","2.591","149.83K","4.69%","1.519","1.460","2","1.451","74.13K","3.89%"
2020-12-17 00:00:00.000,"48.360","47.850","48.590","47.810","96.54K","1.13%","2.636","2.685","2.724","2.606","154.24K",-1.53%,"1.495","1.479","2","1.478","54.70K","1.17%"
2020-12-31 00:00:00.000,"48.520","48.350","48.580","47.770","181.89K","0.25%","2.539","2.433","2.547","2.429","111.11K","4.83%","1.476","1.480","1","1.467","2.54K",-0.91%
2019-01-08 00:00:00.000,"49.780","48.730","49.950","48.310","765.98K","2.60%","2.967","2.95","3.053","2.948","132.23K","0.78%","1.827","1.781","2","1.776","57.59K","2.73%"
2020-02-26 00:00:00.000,"48.730","50.080","50.440","48.300","884.48K",-2.34%,"1.821","1.848","1.88","1.81","7.70K",-1.41%,"1.499","1.569","2","1.484","24.48K",-4.41%
2020-02-10 00:00:00.000,"49.570","50.120","50.490","49.420","715.89K",-1.49%,"1.766","1.813","1.813","1.759","337.23K",-4.95%,"1.613","1.640","2","1.610","66.18K",-1.87%
2020-02-25 00:00:00.000,"49.900","51.370","52.020","49.690","764.99K",-2.97%,"1.847","1.836","1.862","1.819","70.53K","1.09%","1.569","1.615","2","1.561","32.44K",-2.77%
2018-12-07 00:00:00.000,"52.610","51.760","54.220","50.600","987.72K","2.18%","4.488","4.348","4.57","4.231","182.16K","3.72%","1.886","1.867","2","1.831","71.07K","1.51%"
2020-02-19 00:00:00.000,"53.290","52.120","53.660","51.930","113.68K","2.38%","1.955","1.969","1.978","1.945","269.98K",-1.31%,"1.707","1.673","2","1.667","35.04K","2.06%"
2019-01-29 00:00:00.000,"53.310","52.120","53.930","51.840","660.53K","2.54%","2.95","2.925","2.97","2.789","12.98K","1.34%","1.898","1.840","2","1.838","20.72K","3.25%"
2019-06-14 00:00:00.000,"52.510","52.180","52.980","51.700","574.23K","0.44%","2.387","2.328","2.399","2.323","132.41K","2.67%","1.829","1.809","2","1.799","61.34K","1.26%"
2020-01-28 00:00:00.000,"53.480","52.770","54.060","52.680","633.96K","0.64%","1.934","1.902","1.952","1.883","59.30K","1.68%","1.716","1.670","2","1.658","24.02K","2.17%"
2021-01-26 00:00:00.000,"52.610","52.910","53.250","52.290","314.54K",-0.30%,"2.656","2.603","2.686","2.595","32.23K","2.08%","1.598","1.597","2","1.585","27.66K","0.28%"
2019-06-12 00:00:00.000,"51.140","53.040","53.050","50.720","786.11K",-4.00%,"2.386","2.397","2.406","2.367","148.27K",-0.54%,"1.780","1.819","2","1.772","59.65K",-2.32%
2020-02-20 00:00:00.000,"53.780","53.500","54.500","53.220","30.67K","0.92%","1.92","1.967","2.025","1.907","266.25K",-1.79%,"1.698","1.707","2","1.687","23.79K",-0.54%
2019-08-02 00:00:00.000,"55.660","54.540","56.050","54.150","739.81K","3.17%","2.121","2.169","2.202","2.077","206.34K",-3.68%,"1.890","1.871","2","1.868","70.35K","2.01%"
2020-01-09 00:00:00.000,"59.560","59.990","60.310","58.660","750.93K",-0.08%,"2.166","2.151","2.17","2.105","230.03K","1.17%","1.950","1.967","2","1.928","83.02K",-0.41%
2019-03-21 00:00:00.000,"59.980","59.990","60.390","59.660","655.38K","0.25%","2.821","2.83","2.839","2.796","83.79K","0.04%","1.987","2.002","2","1.978","29.28K",-1.05%
2019-07-11 00:00:00.000,"60.200","60.440","60.940","60.140","573.02K",-0.38%,"2.416","2.445","2.487","2.393","213.62K",-1.15%,"1.979","1.991","2","1.976","56.35K",-0.62%
2021-04-14 00:00:00.000,"63.150","60.440","63.440","60.380","419.81K","4.94%","2.618","2.62","2.666","2.609","129.02K",-0.04%,"1.890","1.821","2","1.821","52.50K","4.16%"
2019-12-19 00:00:00.000,"61.220","60.860","61.470","60.790","35.46K","0.48%","2.273","2.282","2.302","2.232","231.82K",-0.57%,"2.030","2.019","2","2.014","37.17K","0.46%"
2021-03-29 00:00:00.000,"61.560","60.930","61.770","59.410","449.36K","0.97%","2.586","2.563","2.607","2.53","6.54K","1.13%","1.810","1.810","2","1.776","17.11K",-0.01%
2019-05-15 00:00:00.000,"62.020","61.370","62.340","60.850","723.00K","0.39%","2.601","2.651","2.669","2.595","123.12K",-2.18%,"2.086","2.051","2","2.044","64.95K","1.33%"
2018-03-01 00:00:00.000,"60.990","61.550","61.830","60.180","812.51K",-1.05%,"2.698","2.668","2.731","2.642","206.39K","1.16%","1.886","1.908","2","1.863","77.74K",-1.47%
2019-04-02 00:00:00.000,"62.580","61.810","62.750","61.600","793.23K","1.61%","2.684","2.706","2.722","2.673","106.55K",-0.89%,"2.009","1.992","2","1.986","54.14K","1.05%"
2019-05-09 00:00:00.000,"61.700","62.020","62.210","60.920","769.58K",-0.68%,"2.595","2.604","2.607","2.561","123.68K",-0.57%,"2.044","2.056","2","2.022","64.64K",-0.61%
2018-03-19 00:00:00.000,"62.060","62.230","62.350","61.360","115.96K",-0.45%,"2.651","2.683","2.71","2.64","115.51K",-1.38%,"1.907","1.912","2","1.895","34.16K",-0.25%
2018-02-28 00:00:00.000,"61.640","62.790","63.440","61.360","768.41K",-2.17%,"2.667","2.693","2.71","2.659","133.15K",-0.60%,"1.914","1.959","2","1.892","5.41K",-2.52%
2019-04-29 00:00:00.000,"63.500","62.950","63.690","62.460","654.08K","0.32%","2.593","2.578","2.598","2.546","92.36K","1.05%","2.055","2.044","2","2.030","19.44K","0.18%"
2021-04-19 00:00:00.000,"63.380","62.980","63.630","62.630","74.38K","0.40%","2.749","2.707","2.753","2.694","105.07K","2.57%","1.893","1.891","2","1.882","27.67K",-0.17%
2019-09-25 00:00:00.000,"56.490","56.700","57.020","55.550","563.55K",-1.40%,"2.502","2.497","2.519","2.455","60.51K",-0.04%,"1.954","1.953","2","1.922","24.29K",-0.70%
2019-11-06 00:00:00.000,"56.350","57.260","57.850","56.110","623.26K",-1.54%,"2.828","2.873","2.891","2.82","189.26K",-1.19%,"1.928","1.960","2","1.920","67.04K",-1.47%
2019-07-05 00:00:00.000,"57.510","57.380","57.820","56.290","698.02K","1.25%","2.418","2.287","2.445","2.263","237.74K","5.82%","1.905","1.903","2","1.869","46.64K","0.98%"
2019-07-08 00:00:00.000,"57.660","57.770","58.460","57.300","540.86K","0.26%","2.403","2.46","2.467","2.369","201.73K",-0.62%,"1.895","1.906","2","1.889","49.89K",-0.51%
2019-08-01 00:00:00.000,"53.950","57.850","57.990","53.590","886.75K",-7.90%,"2.202","2.238","2.333","2.165","251.30K",-1.39%,"1.853","1.954","2","1.842","79.35K",-5.22%
2020-01-22 00:00:00.000,"56.740","58.260","58.380","56.030","620.12K",-2.74%,"1.905","1.912","1.942","1.895","240.00K","0.53%","1.800","1.829","2","1.777","40.35K",-1.59%
2019-11-27 00:00:00.000,"58.110","58.270","58.680","57.510","454.26K",-0.51%,"2.501","2.529","2.558","2.488","145.16K","1.26%","1.947","1.955","2","1.940","19.99K",-0.72%
2019-07-31 00:00:00.000,"58.580","58.340","58.820","57.810","614.00K","0.91%","2.233","2.138","2.268","2.127","221.83K","4.49%","1.955","1.956","2","1.946","3.42K","0.57%"
2019-07-10 00:00:00.000,"60.430","58.400","60.530","58.350","690.66K","4.50%","2.444","2.429","2.489","2.416","193.98K","0.78%","1.991","1.914","2","1.914","69.79K","4.21%"
2019-09-24 00:00:00.000,"57.290","58.440","58.490","56.690","591.53K",-2.30%,"2.503","2.535","2.59","2.494","56.84K",-0.95%,"1.968","1.993","2","1.950","27.41K",-1.47%
2019-03-18 00:00:00.000,"59.090","58.450","59.230","58.050","157.24K","0.97%","2.85","2.786","2.857","2.773","102.23K","1.97%","1.969","1.966","2","1.953","44.81K","0.07%"
2019-09-18 00:00:00.000,"58.110","58.810","59.430","57.670","216.96K",-2.07%,"2.637","2.663","2.696","2.603","157.92K",-1.16%,"1.973","1.983","2","1.959","34.59K",-0.82%
2019-06-26 00:00:00.000,"59.380","58.840","59.930","58.650","686.82K","2.68%","2.291","2.289","2.324","2.265","6.63K",-0.74%,"1.971","1.939","2","1.938","20.34K","2.49%"
2019-12-09 00:00:00.000,"59.020","59.110","59.250","58.230","511.56K",-0.30%,"2.232","2.21","2.258","2.158","322.56K",-4.37%,"1.944","1.955","2","1.925","67.88K",-0.40%
2019-03-26 00:00:00.000,"59.940","59.120","60.380","59.040","685.99K","1.90%","2.74","2.759","2.77","2.728","37.15K",-0.54%,"1.990","1.983","2","1.980","21.72K","0.48%"
2020-01-21 00:00:00.000,"58.340","59.170","59.730","57.680","50.18K",-0.66%,"1.895","1.97","1.97","1.83","255.72K",-2.22%,"1.829","1.878","2","1.824","63.84K",-2.40%
